"DownTime","EventTime","Keypress","WindowSize","XminA","YminA","ZminA","XminG","YminG","ZminG","XminO","YminO","ZminO","XmaxA","YmaxA","ZmaxA","XmaxG","YmaxG","ZmaxG","XmaxO","YmaxO","ZmaxO","XmeanA","YmeanA","ZmeanA","XmeanG","YmeanG","ZmeanG","XmeanO","YmeanO","ZmeanO","XmedianA","YmedianA","ZmedianA","XmedianG","YmedianG","ZmedianG","XmedianO","YmedianO","ZmedianO","XsdA","YsdA","ZsdA","XsdG","YsdG","ZsdG","XsdO","YsdO","ZsdO","XvarA","YvarA","ZvarA","XvarG","YvarG","ZvarG","XvarO","YvarO","ZvarO","XskewA","YskewA","ZskewA","XskewG","YskewG","ZskewG","XskewO","YskewO","ZskewO","XrmsA","YrmsA","ZrmsA","XrmsG","YrmsG","ZrmsG","XrmsO","YrmsO","ZrmsO","MagnRmsA","MagnRmsG","MagnRmsO","TotalTime"
19816657,19816815,"9",32,-0.08989811,-0.21898955,-0.28162527,-0.1240387,-0.07296753,-0.036590576,244.5373,-8.42811,63.96986,0.13336372,0.113797486,0.57202625,0.047592163,0.04585266,0.013473511,244.76071,-8.162755,64.343575,0.00104013053125,-0.05208633625,0.113375991725,-0.0125946996375,0.010484695576875,-0.012663364446875,244.666748125,-8.25908225,64.12499515625,0.00352621075,-0.062446355,0.07755184,0.006729126,0.024208069,-0.0062789917,244.689145,-8.2503715,64.0699775,0.0600209097888655,0.074866932635831,0.209876560059646,0.0565016476136245,0.0326869917004934,0.0162815767301673,0.0784352152411117,0.0682296205091496,0.138783804176673,0.00360250961188314,0.00560505760229805,0.0440481704624702,0.00319243618305419,0.00106843942642813,0.000265089740820326,0.00615208298991951,0.00465528111482257,0.0192609443017491,-0.12426070651854,0.415137299683161,0.512074598251738,-1.02601391925642,-1.25952613341146,-1.17636753233716,-0.856638498325649,-0.383004475255689,1.18928119696078,0.0590847954894813,0.0902379408905938,0.235639089785938,0.057020163199456,0.0338375462421847,0.0204246538657101,244.666760304486,8.25935526635373,64.125140645685,0.259151846741159,0.0693789956148015,253.06535561024,158
19817366,19817565,"2",39,-0.09261608,-0.1772232,-0.32549095,-0.11679077,-0.05656433,-0.032714844,244.77505,-9.504852,64.24988,0.16341782,0.15846622,0.40460062,0.08885193,0.050842285,0.021575928,245.0704,-9.078673,64.45699,0.0093367651025641,-0.00980896782461538,0.0594488652282051,-0.000973041251282051,-0.00597401145384615,-0.008339515098,244.84725025641,-9.20551306410256,64.3192108717949,0.006497383,-0.006217599,0.07034159,0.010192871,-0.003616333,-0.008346558,244.83232,-9.170701,64.28555,0.0600730659487084,0.072631456747,0.196774459946236,0.0618859298035447,0.0300756763654561,0.0166041125535826,0.0720175009975532,0.115008111675139,0.0698109373029364,0.00360877325247787,0.00527532850919133,0.038720188087133,0.00382986830764926,0.000904546308839654,0.000275696553692041,0.00518652044993258,0.0132268657510813,0.00487356696711452,0.14179643028317,-0.148339396680092,-0.166069185626595,-0.541281949874291,-0.235174606735106,0.00127249836037998,0.621942841813962,-0.908076750296493,1.44651567914688,0.0600284581474395,0.0723621415203189,0.203129343839059,0.0610951173617644,0.0302826951672384,0.0183895329837234,244.847260576176,9.20621303733029,64.3192477861342,0.223833030720339,0.070624570196208,253.32173417597,199
19818067,19818216,"0",30,-0.15354729,-0.34503984,-0.6027765,-0.09593201,-0.18148804,-0.015686035,244.34665,-8.66163,64.4375,0.08298397,0.17931682,0.47582006,0.11804199,0.13040161,0.024795532,244.97012,-8.327575,64.81775,-0.02779947925,-0.0913877028,0.0855085214333333,0.0169367469533333,0.00285746254333333,-0.00174865724,244.713860333333,-8.4520261,64.6539084,-0.0259890555,-0.094451785,0.16115689,0.0320739745,0.0320739745,-0.0011291504,244.796815,-8.416248,64.67316,0.0576817868724788,0.130118568457346,0.288966480951868,0.0824164618491654,0.0997595200506668,0.0110042896751043,0.230162927382461,0.111889657552645,0.137932125596464,0.00332718853680207,0.016930841857389,0.0835016271137062,0.00679247318373494,0.00995196184073938,0.000121094391253607,0.0529749731412639,0.0125192954672483,0.0190252712715588,-0.0941592059553788,0.0706451562523403,-0.785368271615563,-0.551002574256466,-0.878608235339181,-0.16889054858349,-1.08125145448109,-0.9592870542972,-0.418718987692088,0.0631592693024007,0.157220204443334,0.296698410479335,0.0827823097545908,0.0981243846939585,0.0109597314605859,244.713964963961,8.45274199184499,64.6540506270965,0.341668308107412,0.128846503225975,253.251889939749,149
19818709,19818901,"8",38,-0.10958004,-0.26024795,-0.48134804,-0.15544128,-0.062286377,-0.028503418,244.16034,-8.656788,64.464,0.14743042,0.12523884,0.7124891,0.102645874,0.040039063,0.022476196,244.56017,-8.231388,64.73556,0.00469709668421052,-0.0367647516394737,0.0944041070026316,0.00369383183684211,0.00257592456460526,0.000114440930526316,244.293292368421,-8.39543173684211,64.5769994210526,-0.0179100035,0.0084123912,0.022362232,0.015022278,0.0035095215,0.00056457518,244.250785,-8.411695,64.583497,0.0668788247701765,0.109558932986308,0.321451458198122,0.077246763236991,0.0219322015899307,0.0166436457542302,0.11722987976815,0.103447056769604,0.0745496003185529,0.00447277720263998,0.0120031597970983,0.103331039977699,0.00596706243059174,0.000481021466581358,0.000277010943992306,0.0137428447104549,0.0107012935542938,0.00555764290765598,1.01409228983455,-1.23706415190589,0.672342960331785,-0.439958090997387,-0.127702218799142,-0.0811362347145503,1.08779524055924,0.471640189651272,-0.26147339165856,0.0661599218309199,0.114188152336269,0.330944009618717,0.0763130320818851,0.0217944578803194,0.0164235891033257,244.293319755972,8.3960522704746,64.5770413197739,0.35628641132263,0.0810457373269114,252.823879482809,192
19819352,19819560,"4",41,-0.50474644,-0.3643996,-0.6657748,-0.06535339,-0.037857056,-0.03491211,243.38083,-8.378522,64.16553,0.61764336,0.35828215,0.78807163,0.17907715,0.08265686,0.03024292,244.28903,-7.460301,64.51383,-0.00607792988048781,0.0875469174951219,0.0427083155390244,0.0363795584958537,0.0230314674243902,-0.00291107919865854,243.795069512195,-7.98479036829268,64.3685848536585,0.02427864,0.10363883,0.021211624,0.0024108887,0.026733398,-0.0040740967,243.73569,-8.051054,64.383385,0.205288884865254,0.160101251256118,0.282904759121415,0.0717691669172052,0.0361006543447837,0.0206111534943643,0.295228073910248,0.316247443624444,0.0819788464048988,0.0421435262492197,0.0256324106537747,0.0800351027335461,0.00515081331998966,0.00130325724412155,0.000424819648368245,0.0871596156247549,0.100012445598996,0.00672053125787799,-0.443617342951806,-0.301532543536503,0.227956838963588,1.4199135055465,-0.307634083880088,0.169279827302164,0.603392943719432,0.628592891830693,-0.541608487695935,0.202860978496912,0.180753126304967,0.282678310581656,0.0796784538201666,0.0424490161698779,0.0205653245933746,243.795243908136,7.99089796851625,64.3686357838855,0.392085828026266,0.0925932370780601,252.276230896312,208
19820045,19820228,"6",36,-0.16915798,-0.20945525,-0.2624359,-0.1083374,-0.025619507,-0.030319214,243.93893,-8.357905,63.94519,0.2023735,0.19927096,0.5584483,0.07839966,0.04359436,0.015609741,244.30804,-8.076805,64.154175,-0.00900726853333333,-0.0546322744586111,0.0787304905361111,0.00406858658888889,0.000539143894444444,-0.00525961985527778,244.111338055556,-8.169411625,64.00591725,-0.007698536,-0.0593106445,0.046245575,0.0095062256,0.0010070801,-0.004676819,244.1257,-8.151433,63.989288,0.0674321749471255,0.100357740221678,0.216932301674439,0.0564499103620096,0.0181707820025328,0.0135446470685086,0.109786147443095,0.0729113026635176,0.0561110381100975,0.00454709821809975,0.0100716760224019,0.0470596235097698,0.00318659237987892,0.000330177318583568,0.000183457464210459,0.0120529981703971,0.00531605805609107,0.00314844859779282,-0.0582243951508102,0.139850798684434,0.449240366031742,-0.288980388608585,-0.0772563677485645,-0.129084394520576,-0.392452366138687,-0.739746418314735,0.889089770574117,0.0670963547496823,0.113033590832649,0.227927404858798,0.0558088641858403,0.0179247427468181,0.0143535718397888,244.111362057292,8.16972794458064,64.0059411617823,0.263114833034712,0.0603485770239296,252.495271330297,183
19820730,19820988,"5",51,-0.1215868,-0.21770006,-0.43826342,-0.14849854,-0.049438477,-0.026367188,244.0228,-8.488202,63.911026,0.17899418,0.20166141,0.56910515,0.11958313,0.04951477,0.039031982,244.62509,-7.911071,64.24026,0.00560883900392157,-0.0272262081705882,0.0853688488823529,0.00210092544117647,-0.00168594661313726,-0.000182207866078431,244.366984705882,-8.12915308431372,64.0338912745098,0.003955841,-0.05147016,0.13982344,0.0076141357,-0.0012054443,-0.0010070801,244.45105,-8.125146,64.030945,0.0710938328654492,0.103772634052711,0.306853917697456,0.0725657830291738,0.0274208197277809,0.01520952019463,0.181657709931101,0.135413129442809,0.0790297578764044,0.00505433307150042,0.0107687595782378,0.0941593268062772,0.00526579286663712,0.000751901354543459,0.000231329504550859,0.0329995235774119,0.0183367156254949,0.0062457026300031,0.0697528015003777,0.700877029403452,-0.532382882965211,-0.227926029128923,-0.0525697974649287,0.162701825573591,-1.38830266245592,-0.0887746482976606,0.111841713386125,0.0706164823284402,0.10629616098897,0.315596111914973,0.0718815408420285,0.0272029521690428,0.0150607712823437,244.367050902365,8.13025873145432,64.0339390869687,0.340421014735113,0.0783184738880585,252.748297776173,258
19821506,19821647,"1",28,-0.086933136,-0.08010471,-0.2106967,-0.014755249,-0.032608032,-0.013549805,243.81473,-7.7267046,63.89841,0.107746124,0.12747675,0.27799606,0.04612732,0.024765015,0.0067443848,244.0097,-7.457113,63.974506,-7.42510714285676e-06,0.0122720679071429,0.0155053138214286,0.0160495213642857,-0.00552749636785714,-0.0047236851125,243.921444285714,-7.62103449285714,63.9262945,-0.0073237419,-0.0081124303,0.0192370415,0.018692017,-0.0062713623,-0.006210327,243.931285,-7.62724085,63.9198975,0.0518549487242986,0.0700983278815651,0.109218129671051,0.0188958736019753,0.0167962670687573,0.00765073649652817,0.0612804327073854,0.0744537344968346,0.0234550465808774,0.00268893570719963,0.00491377557179141,0.0119285998488424,0.000357054039181828,0.00028211458744502,5.85337689393082e-05,0.00375529143280439,0.00554335858052513,0.000550139210111128,0.42327590555087,0.872395911137149,-0.102502973356462,-0.419535347988046,0.132862724038222,0.582940696562203,-0.481754804150254,0.250075722250887,0.818203448619262,0.0509205493314593,0.069920578071138,0.108365092083985,0.0245334311753108,0.017395179865742,0.00887448467425179,243.921451708542,7.62138518399423,63.9262986492422,0.138653462864763,0.0313566261901493,252.274318500155,141
19822173,19822306,"7",27,-0.1671257,-0.15509462,-0.64397573,-0.036361694,-0.040527344,-0.012329102,243.89851,-7.565819,63.93385,0.11804581,0.12667459,0.29680157,0.036514282,0.055877686,0.003921509,243.98169,-7.4168386,64.14738,-0.012436513437037,-0.00351359879407407,0.0422948386666667,0.00165020978518519,0.0238873516592593,-0.00297772444333333,243.947547037037,-7.50995108518519,64.0568756666667,-0.012834549,-0.004158914,0.12326765,-0.0022125244,0.030700684,-0.0015563965,243.95184,-7.527319,64.04168,0.0722282853738227,0.0952002252728716,0.21673494365513,0.0224804599336076,0.0301657459714218,0.00531466179247526,0.0242168736175064,0.053251409850695,0.073547852050944,0.00521692520804237,0.00906308289200551,0.0469740358011926,0.000505371078826539,0.000909972230012353,2.82456299683963e-05,0.000586456967806279,0.0028357126510867,0.00540928654130755,0.0165323970063626,0.0203355150917847,-1.12080880869184,0.515478890991528,-0.677589642291176,-0.802305771561446,-0.531814679811701,0.978448168612486,0.619827754703635,0.0719609103775255,0.093486675690979,0.216848126750692,0.0221218630272795,0.0380378117682895,0.0060055256543909,243.947548194532,7.51013288751476,64.0569163253851,0.246862798390921,0.044410790201291,252.329342121025,133
19822782,19822898,"3",24,-0.12043285,-0.18418282,-0.39177847,-0.07562256,-0.049484253,-0.027435303,244.2703,-7.9749737,63.914124,0.15208149,0.13557476,0.41807508,0.05758667,0.057617188,0.010894775,244.45087,-7.756657,64.10714,-0.002309838875,-0.0639411588958333,0.033233085625,3.9418333333333e-05,-0.003976821773125,-0.00891494755208333,244.3334575,-7.84238620416667,63.9960104166667,-0.0142822265,-0.0583769075,0.107187985,0.013519287,-0.0011520385275,-0.0083618165,244.30116,-7.83037585,63.987797,0.0787259023750125,0.0851046920134953,0.267734198780696,0.0502753494696272,0.032715090216807,0.0123141516267688,0.060600011497341,0.0683010100972254,0.0643976727657537,0.00619776770476,0.00724280860271189,0.0716816011967414,0.00252761076429314,0.00107027712789382,0.000151638330287052,0.00367236139347786,0.00466502798030129,0.0041470602576451,0.456230564419673,-0.196143758852367,-0.828675227652675,-0.804362504221492,-0.259034888203408,-0.134754971884768,1.59888583526502,-0.527533376866802,0.382626404677993,0.0771029359969956,0.105021410730738,0.264195582464398,0.0492168182933361,0.0322722382084062,0.0149932103427347,244.333464701933,7.8426712303346,63.9960414675485,0.294573700871163,0.060733754356872,252.697136487128,116
19823391,19823532,"4",28,-0.107624054,-0.22559363,-0.46969986,-0.023483276,-0.013687134,-0.0128479,243.82312,-7.8359456,63.908997,0.08492279,0.17916507,0.2567749,0.0443573,0.040786743,0.0019836426,244.10489,-7.567091,64.05912,-0.00209420070714286,0.00233523582142857,0.0489658969642857,0.00894056051785714,0.0118473598407143,-0.00642449516178571,243.976693928571,-7.74631985357143,63.9839554642857,0.013144016,0.03251788,0.114730357,0.0021972656,0.01222229,-0.0075225832,244.01268,-7.77641185,63.986059,0.0515738953591582,0.119728399080915,0.179460394367012,0.0212370015734457,0.0169847500011265,0.00482486042917895,0.0897579556502565,0.0895275722756155,0.0429428350833828,0.0026598666825174,0.0143348895464789,0.0322060331463636,0.000451010235830536,0.000288481732600767,2.32792781610569e-05,0.00805649060251342,0.00801518619756555,0.00184408708499861,-0.886391260599455,-0.756277819053772,-1.09937003539433,0.952577259252381,-0.0662235521737171,0.682768789480496,-1.20277042300699,1.00835962587924,-0.146953668303392,0.050687839966385,0.117594143271997,0.182902916166932,0.0226900055042189,0.0204582195895606,0.00798260693341459,243.976709849679,7.7468187150199,63.983969360165,0.223273635691052,0.0315768445543497,252.346183811764,141
19824058,19824208,"5",29,-0.07225704,-0.14316487,-0.4156642,-0.121398926,-0.039276123,-0.016616821,244.15302,-8.08343,63.9012,0.18169975,0.0826236,0.74226,0.09614563,0.0597229,0.021133423,244.52081,-7.6860685,64.12971,-0.00296349372758621,-0.0302874653586207,0.0664726795517241,0.00770042695365517,0.000254663834482758,-0.00218516384137931,244.28808,-7.87823772758621,64.0080319655172,-0.02264309,-0.044551075,0.010843277,0.020629883,-0.011581421,-0.0039367676,244.2532,-7.8892674,64.01909,0.0579960449551183,0.0744028387967283,0.368476154586981,0.072762120608788,0.0290482095278627,0.010293161538521,0.113036498877892,0.135778662899112,0.0727168783371913,0.0033635412304361,0.00553578242101194,0.135774676499209,0.00529432619548781,0.000843798476774614,0.000105949174458087,0.0127772500785717,0.0184358452986706,0.00528774439510589,1.01797956848489,0.575123605714081,0.452914538912931,-0.533084629948921,1.22239047020744,0.51051479724636,0.925718692977952,0.243698211006576,-0.456209125128349,0.0570643439036118,0.0791342146600393,0.368118742024188,0.0719100813412013,0.0285441207824673,0.0103474970723774,244.288105250218,7.87936734889661,64.0080718465028,0.380828007773169,0.0780570133005685,252.657467845436,150
19824734,19824934,"6",40,-0.1910448,-0.22175258,-0.31441593,-0.0987854,-0.04600525,-0.016311646,244.24945,-8.191407,63.838093,0.15003014,0.19900441,0.6486378,0.045059204,0.07147217,0.017425537,244.64253,-7.834929,64.07027,0.0026770833425,-0.036633097101,0.075579000625,0.0003887175815,-0.00379638671075,-0.000598907487,244.3818215,-7.920398385,63.930899525,0.00379514685,-0.018800259,0.0088927745,0.012008667,-0.00635528565,-0.00144958495,244.34805,-7.8646732,63.9358065,0.0725190710282581,0.105563095339866,0.250623681691889,0.0412496212245145,0.0225162301155953,0.00998290368151946,0.12179701420596,0.108249997226377,0.0665579663690142,0.00525901566280154,0.0111435670977337,0.0628122298247971,0.00170153125116592,0.00050698061861844,9.96583659144948e-05,0.0148345126694868,0.0117180618995106,0.00442996288717882,-0.046252530195719,-0.506791830333874,0.798243314536205,-0.845094990467038,0.340940591668271,0.255640289680884,0.831830736250045,-1.54434696797632,-0.221174501011273,0.0716568701971709,0.110485119918936,0.2587549215274,0.0407325922480381,0.0225547922892351,0.00987550489568088,244.381851092318,7.92111959810371,63.9309333053215,0.29033735237583,0.047596095673911,252.729890421146,200
19825452,19825635,"1",36,-0.083987236,-0.099810064,-0.3288622,-0.011566162,-0.020065308,-0.01675415,243.96223,-7.634058,63.782497,0.107447624,0.12620014,0.34786797,0.036514282,0.036590576,0.012023926,244.1997,-7.432774,63.905025,0.0002801154,-0.00263809335416667,0.05876844475,0.0112618340833333,0.00307337446,-0.00556182861861111,244.103940833333,-7.54646216111111,63.8425321666667,-0.00066995615,0.004239380475,0.066642285,0.00946807875,0.00281524655,-0.007751465,244.130685,-7.55301015,63.8446265,0.0497094161774852,0.0628302439217092,0.132619131967036,0.0121082252081615,0.013153996800786,0.00839646874266087,0.070858767554098,0.0647403754133484,0.0267275403608873,0.00247102605670643,0.00394763955126147,0.0175878341636901,0.000146609117691558,0.000173027631835088,7.0500687346481e-05,0.00502096493928569,0.00419131620866129,0.00071436141374286,0.0573375201153729,-0.328383596810629,-0.178115483035067,0.444430616996847,0.0588706034924479,0.782341880318244,-1.13228754562755,0.303426826632482,-0.235075877360269,0.0490149457681783,0.062007599805226,0.143363221619188,0.0164123596451167,0.0133291762423617,0.00997377924875979,244.103950832135,7.54673214310937,63.8425376059717,0.163708340212999,0.0233775268350522,252.427339220353,183
19826094,19826260,"3",33,-0.12546158,-0.16493571,-0.27832508,-0.07411194,-0.049743652,-0.01461792,244.41415,-8.300167,63.73948,0.14498806,0.12610501,0.36208725,0.06503296,0.07318115,0.010772705,244.80707,-7.9460173,63.96474,-0.0160362650454545,-0.0451988058030303,0.0598900544342424,-0.00151663114393939,-0.000749067642424242,-0.00264809351606061,244.600279393939,-8.06846051212121,63.8189259393939,-0.020522118,-0.05350983,0.037307262,0.0051727295,-0.005844116,-0.0015411377,244.58891,-8.042633,63.798462,0.0525074956389067,0.0906283985927805,0.157603539521232,0.0379691705589636,0.0332764467403243,0.00732177664479653,0.114981483235873,0.0968864833359728,0.0672382706513467,0.00275703709826981,0.0082135066314919,0.0248388756696204,0.00144165791293566,0.00110732190766164,5.3608413236288e-05,0.0132207414871212,0.00938699065321174,0.00452098504018375,0.256297861855454,0.275113242405844,0.429865836189551,-0.528536221265456,0.45933825783763,-0.453560332319329,0.296640649070423,-0.799724932681806,0.913048738272321,0.0541354995926188,0.100037715573496,0.16635203962575,0.0374202014898389,0.032776940074868,0.00768090587986167,244.60030560019,8.06902457376666,63.8189602864489,0.201522202104268,0.0503348348099695,252.91753270448,166
19826795,19827028,"7",47,-0.117295265,-0.11802715,-0.52679443,-0.0398407,-0.13647461,-0.022094727,244.10687,-8.047698,63.873077,0.095775604,0.12620747,0.5897355,0.09953308,0.116622925,0.015213013,244.38031,-7.6439185,64.30641,-0.00482248736808511,-0.0169284217361702,0.0443126192553191,0.0115677851478723,-0.00471399214468085,-0.00489612330170213,244.256928723404,-7.93804629148936,64.1079929148936,-0.00653553,-0.014204264,0.055704117,-0.00044250488,-0.0068359375,-0.0051879883,244.2657,-7.972668,64.12083,0.0486621603739864,0.0588411032660683,0.218643109212986,0.0384517889024426,0.0793227503422583,0.01056145913375,0.0848913109605225,0.109623391553901,0.149632018046422,0.00236800585226357,0.00346227543356811,0.0478048092063219,0.00147854006979801,0.00629209872186024,0.000111544419033871,0.00720653467659612,0.0120172879757799,0.0223897408246449,0.105608297211809,-0.138890550225686,-0.15630263106418,0.937040151110581,0.0802523366687415,0.0829047372910419,-0.309970826101304,0.947472287252166,-0.257373093151778,0.048382632560034,0.0606232749139222,0.22079695159004,0.0397604756469027,0.0786158126772834,0.0115387675645184,244.256943161488,7.93878709418672,64.1081638244257,0.234024260336792,0.0888509121139769,252.65457702575,233
19827529,19827662,"2",27,-0.20109558,-0.26355988,-0.3936715,-0.13162231,-0.05126953,-0.017822266,244.04163,-8.429706,64.03397,0.063547134,0.16788179,0.6319809,0.1108551,0.080825806,0.014129639,244.59941,-7.932595,64.332146,-0.0182088215103704,-0.0988019682222222,0.0983516370740741,0.0136368357111111,-0.00114723487037037,-0.00561579951851852,244.226686296296,-8.12918186296296,64.1431824444444,-0.014620781,-0.13882571,0.18277931,0.03715515,-0.009735107,-0.0064086914,244.14792,-8.113333,64.13669,0.0567338647743352,0.128997985542424,0.334038242160112,0.089109498501527,0.0432862101123539,0.00929855759251036,0.197261109897677,0.150747451227016,0.0887592666409599,0.00321873141223255,0.0166404802740034,0.111581547225418,0.00794050272319363,0.00187369598589085,8.6463173301232e-05,0.0389119454780633,0.0227247940514416,0.00787820741464101,-0.189730094607983,0.930799227820851,-0.758245574338682,-0.791778026508113,0.59519224071631,0.255811250377196,1.19789901319857,-0.315405590621115,0.219439998441282,0.0585754241854205,0.160580182819569,0.342230831228471,0.0885006967088613,0.042492540358433,0.0107143846198243,244.226763009364,8.13052771326305,64.1432415810367,0.38254283064279,0.0987562015361488,252.640401938113,133
19828197,19828338,"9",28,-0.13964081,-0.27828133,-0.46180582,-0.108078,-0.07266235,-0.035705566,244.34201,-8.239167,63.994278,0.1987629,0.17680597,0.625618,0.080703735,0.0471344,0.017852783,244.69254,-7.948427,64.2568,0.000437838887142857,-0.0459301406892857,0.0966459863214286,0.00614493242857143,-0.0038888111225,-0.00751495356428571,244.482634285714,-8.07084146071429,64.1034516785714,-0.014281273,-0.050104647,0.156131265,0.025115967,-0.00114440918,-0.0037918091,244.465565,-8.0556255,64.089815,0.0748581073315388,0.123899214453148,0.368912219715769,0.0641960648890101,0.0244528408756217,0.0170754524361273,0.119295950241054,0.0998932606200845,0.0871463701962071,0.00560373623326019,0.0153510153421072,0.136096225855616,0.00412113474723399,0.000597941426888477,0.000291571075898447,0.014231523743916,0.00997866351731212,0.00759448983837437,0.589880471675036,0.10107827549527,-0.483735226155443,-0.886551283364237,-0.336697313386932,-0.654122251497445,0.429250590983043,-0.456966584727496,0.469440501333853,0.0735105060467491,0.130047462943005,0.374934785039765,0.0633380735257705,0.0243250740569202,0.0183747748356588,244.482662351622,8.07143755267066,64.1035087991679,0.403599095824032,0.0702926250476657,252.87581959347,141
19828798,19828981,"0",36,-0.1594305,-0.29105556,-0.36328745,-0.09312439,-0.09248352,-0.028503418,244.89174,-8.570052,64.11287,0.17898178,0.1942159,0.36987495,0.097076416,0.060821533,0.01586914,245.34239,-8.291609,64.390274,-0.00970707972222222,-0.0680471588444444,0.0874820818055556,-0.00384097618888889,-0.00209850744444445,-0.0108189052722222,245.146324444444,-8.41964972222222,64.2735359166667,-0.0176720615,-0.0529328575,0.148449895,-0.00331878665,0.00317382815,-0.012054443,245.22592,-8.433704,64.312558,0.0653394739341348,0.129119930548525,0.189934379536234,0.0632057604218728,0.0414092986954868,0.0128368180464622,0.163823917117383,0.0777035090494122,0.106092769642523,0.00426924685398948,0.0166719564648558,0.036075068529814,0.00399496815050718,0.00171473001845204,0.000164783897557978,0.026838275819683,0.00603783531859209,0.0112556757704214,0.365704587052852,-0.351168900422332,-0.962982268033476,-0.0247852190403289,-0.381967511684935,0.288748595634638,-1.45758123031312,0.542611702471773,-1.10343287666501,0.065152774770799,0.144358104690576,0.206702921919137,0.0624399704602485,0.0408840110867927,0.0166509843060275,245.146377663201,8.41999831131738,64.2736210451002,0.260404002235178,0.0764689973255911,253.571964568642,183
19829407,19829565,"8",32,-0.09083462,-0.1896041,-0.45936918,-0.083114624,-0.07072449,-0.021026611,244.9899,-8.732749,64.011826,0.09701538,0.11371642,0.47861195,0.08982849,0.016296387,0.015289307,245.3443,-8.436118,64.262566,-0.007871836671875,-0.040082750729375,0.088262230625,0.013548374171875,9.87050862500001e-05,-0.00052499769375,245.1420271875,-8.56363334375,64.11718446875,-0.0133275985,-0.0405147375,0.095564128,0.025520324,0.004989624,0.0026245117,245.10726,-8.555402,64.100355,0.0428786284213532,0.0844026597631493,0.273494520057413,0.0628697818603896,0.0209574485124323,0.0123176203325686,0.120391394484939,0.0956370586741653,0.0854284814385829,0.00183857677529647,0.00712380897509394,0.0747992525014348,0.00395260947117297,0.000439214648151251,0.000151723770657307,0.0144940878660282,0.00914644699184573,0.0072980254409023,0.381711964373941,0.0153544961202847,-0.0800955431224051,-0.571273645646342,-0.700121330730975,-0.767074152810789,0.866353969452793,-0.258205674581971,0.591002033511108,0.0429311898700366,0.0922378276557697,0.28328783457054,0.0633454723551727,0.0206276254835736,0.0121349917759638,245.1420558263,8.56415066814627,64.1172396018564,0.301003158006653,0.0677156246843609,253.53302077949,158
19830058,19830225,"9",33,-0.099892616,-0.17165458,-0.29168224,-0.06788635,-0.04460144,-0.022094727,244.74808,-8.492236,64.010155,0.13327885,0.16644031,0.47238302,0.04133606,0.0256958,0.011779785,245.08475,-8.2984295,64.15261,-0.00254107931818182,-0.041095365,0.0288409752424242,0.00443013531515152,0.00219449123030303,-0.00153373948878788,244.851658181818,-8.35155333333333,64.0708040909091,-0.0013446808,-0.048445582,-0.015507698,0.019821167,0.0038757324,0.0017089844,244.8118,-8.340494,64.07384,0.0538441356095805,0.0880665967928368,0.201727724701151,0.0350989789097157,0.0151936047251541,0.0107664599291649,0.108547222743564,0.0514448968113681,0.0399775471658487,0.00289919093954289,0.00775572547067209,0.0406940749131034,0.00123193832050467,0.000230845624544224,0.000115916659406313,0.011782499565341,0.00264657740793231,0.00159820427739766,-0.0666589873513882,0.250386091923942,0.659532644431366,-1.31551106296612,-0.331963586017258,-0.903562705881748,1.10159009537271,-0.644923054693925,-0.227821062531697,0.0530828951051932,0.0959663092506717,0.200730473473242,0.0348458455939514,0.0151217093725615,0.0107124409068692,244.851681513197,8.3517069786723,64.0708161851361,0.228735762933426,0.0394671437994806,253.233422825517,167
19830702,19830876,"4",34,-0.09748554,-0.22108316,-0.35681248,-0.029525757,-0.06855774,-0.025299072,244.37045,-8.362456,64.08251,0.14029217,0.18085957,0.26758718,0.071762085,0.02444458,0.008178711,244.73593,-7.9271913,64.15923,-0.00371885235294118,-0.00170383526470588,0.0190539920397059,0.0164943021911765,-0.00688216272058824,-0.00645087740058824,244.572401176471,-8.22794881764706,64.1202427941176,-0.019195557,0.058484225,0.0333480835,0.014671326,0.0083465575,-0.0037155151,244.603165,-8.27096575,64.120897,0.0657098288392422,0.139937206525982,0.152011355657501,0.0305331176296028,0.0302590018456275,0.0106632548232276,0.121476375874257,0.133508235841567,0.0213188742706644,0.0043177816060825,0.0195824217702954,0.0231074522488314,0.000932271272183163,0.000915607192693689,0.000113705003425086,0.0147565098955438,0.0178244490375276,0.000454494400168396,0.706593134716069,-1.29032289036435,-0.282099151049616,0.1791146465904,-1.50983700304597,-0.769566800925505,-0.7597483043433,0.966613005147988,-0.0920600976463031,0.0648430250085234,0.137874476403087,0.150966472810971,0.0343061734044692,0.030594799118344,0.0123277961475637,244.572430457154,8.22900005750128,64.1202462339589,0.214487447298593,0.0475912788712934,252.971927610099,174
19831370,19831553,"2",36,-0.19779015,-0.17814642,-0.20288086,-0.11949158,-0.044143677,-0.022094727,244.35385,-8.644038,63.89985,0.23139,0.17698705,0.46647406,0.089920044,0.08531189,0.02178955,244.55199,-8.294764,64.23826,0.00377811319333333,-0.00714342433333333,0.0836218461111111,0.00206247939444444,-0.000148773247222222,-0.00237231784444444,244.422826388889,-8.46717856944444,64.0352866111111,-0.005795002,-0.017992586,0.05241704,0.0122299195,-0.0119171145,-0.0014266968,244.403895,-8.49987125,64.040635,0.0720885812942022,0.0851644364061485,0.207826136887488,0.0656390308017714,0.0404156536742924,0.0123681861930395,0.0591215480250052,0.116093985276472,0.0934928694822009,0.0051967635530108,0.00725298122837692,0.0431917031735771,0.00430848236459589,0.00163342506192034,0.000152972029705693,0.003495357440873,0.0134778134173736,0.00874091664401585,0.398389662612348,0.382172258438737,0.450445837734133,-0.464697908303721,0.873548255407537,-0.229367757653086,0.960633957734697,0.844815874251366,-0.171619148663806,0.0711806374597281,0.0842765568755317,0.221324528211421,0.0647538116265381,0.0398506496435473,0.0124237956604808,244.422833340498,8.46795231189752,64.0353529660027,0.247292878943119,0.0770420735429111,252.813674677685,183
19832080,19832213,"5",26,-0.11357689,-0.2113514,-0.44199753,-0.123703,-0.04411316,-0.021026611,244.91782,-8.842152,63.94245,0.16184998,0.1336484,0.58128643,0.102630615,0.06918335,0.020324707,245.36313,-8.44206,64.20823,-0.00622107413846154,-0.0645858551538462,0.116052170153846,0.0132017867653846,-0.00429534913076923,-0.00176121627961538,245.064185769231,-8.58821625,64.0484300384615,-0.02459383,-0.072189003,0.225240945,0.046012878,-0.0090255735,0.001129150415,245.016275,-8.5597755,64.04352,0.0696755652483815,0.0987454472045494,0.323980694192161,0.0832822853391668,0.0317639214499949,0.0131066847920977,0.138218300761459,0.12423114078179,0.0849324039059217,0.00485468439268147,0.00975066334362645,0.104963490209234,0.0069359390513144,0.00100894670588145,0.000171785186239406,0.0191042986653852,0.015433376339945,0.00721351323323863,0.791070260974965,0.230992356449733,-1.01106741978945,-1.18192330221219,0.446754445292036,-0.661578440421037,1.03989346490605,-0.686802435066308,0.173433397704259,0.0686051566985307,0.116391453794356,0.338222617651321,0.0827252037684046,0.031441868384413,0.0129722760715041,245.064223248221,8.58908016854578,64.0484841855146,0.364208974536468,0.0894445659193566,253.441224233268,133
19832698,19832856,"0",31,-0.09360981,-0.21523243,-0.5769777,-0.066726685,-0.09542847,-0.015655518,244.8424,-8.702345,63.937973,0.04503441,0.1866368,0.3750038,0.108078,0.072280884,-0.004714966,245.27652,-8.368537,64.21104,-0.0152595272903226,-0.0615804313548387,0.105969322258065,0.0222758627741935,-0.00147173494516129,-0.0108376779677419,245.068020322581,-8.50019866129032,64.0924152580645,-0.020114899,-0.0843904,0.19323587,0.03251648,0.0034484863,-0.011230469,245.07819,-8.482266,64.12417,0.0381441270553935,0.115552051928193,0.262062519583058,0.0679733230572998,0.0560370650293206,0.00324735797359469,0.155354133846596,0.100493554937152,0.100690150762614,0.001454974428818,0.0133522767048159,0.0686767641702206,0.00462037264745204,0.00314015265710031,1.0545333808669e-05,0.0241349069032261,0.0100989545839064,0.0101385064605979,0.381870454339645,0.592199833699256,-0.998996894490408,-0.451969247575576,-0.263408937062649,0.362871326892791,-0.196383781381658,-0.535337653291461,-0.946112654365312,0.0405079367895721,0.129281505356655,0.278730841387695,0.0704807947659267,0.0551454750078905,0.0112986913172634,245.06806797539,8.50077352146598,64.0924917995084,0.3099120560916,0.0902010325338095,253.453089538722,158
19833282,19833465,"8",36,-0.13681126,-0.24079198,-0.3557458,-0.13371277,-0.06724548,-0.01675415,245.02567,-8.889275,64.15112,0.11024094,0.14920068,0.39618683,0.08340454,0.037719727,0.015289307,245.58606,-8.346268,64.32221,-0.00263153159444444,-0.0449038656944444,0.0632422639166667,0.0057106014,0.00206968526666667,0.00167677140277778,245.260662222222,-8.51306483333333,64.2217651111111,0.00501775745,-0.0462415815,0.060614824,0.0410842895,0.0060653685,0.0016784668,245.22555,-8.4584955,64.2048775,0.0591590574171497,0.117523420818355,0.202202958404111,0.0759475756098728,0.0247366124409034,0.0104195953567088,0.191874092155859,0.153736046887189,0.0556569242149889,0.00349979407448561,0.0138117544408482,0.0408860363873745,0.00576803424101735,0.000611899995051455,0.000108567967397548,0.0368156672406351,0.0236347721125,0.00309769321307302,-0.387901162310963,0.0341476395830021,0.0389822177292128,-1.39729363903757,-0.484587359269078,-0.000488137158166251,0.54898848241143,-1.06486411817346,0.910270088544734,0.058390945624721,0.124275708606202,0.209164760654603,0.0751027431989368,0.0244782836422358,0.0104097912016797,245.260735191536,8.51441431380935,64.221788558346,0.250207616551176,0.0796741624300987,253.672547989397,183
19833958,19834116,"6",32,-0.11790657,-0.23209572,-0.25929213,-0.05937195,-0.016082764,-0.022903442,244.85672,-8.7426195,64.06517,0.21374512,0.13863063,0.42157078,0.0438385,0.03945923,0.015823364,245.30035,-8.450253,64.21872,-0.0137415824875,-0.069103179690625,0.06323686260625,0.00329637513125,-0.0017309188396875,-0.0018157959125,245.1038575,-8.566029515625,64.11015634375,-0.0138111115,-0.064967425,0.06022048,0.018562317,-0.009300232,0.0033416748,245.146695,-8.565032,64.094375,0.0585983852949521,0.107778055747958,0.157948038656866,0.0336042982376275,0.0148319420649373,0.0112219453467623,0.178275308423654,0.0824878673891564,0.0448205041309821,0.00343377075917566,0.0116161093008099,0.0249475829155508,0.00112924886004341,0.000219986505417658,0.000125932057365719,0.031782085593549,0.00680424826641106,0.00200887759055538,0.00355960384317916,-0.115118648093725,0.0572919290147617,-1.36285618233709,1.53101592370826,-1.37876381138891,-0.720865391491336,-0.0362786306607141,1.05630296151207,0.0592899360112,0.12660314106891,0.167829889297829,0.0332389217961861,0.0147006124754359,0.0111934711045722,245.103920307848,8.56641426024137,64.1101715215319,0.218427387436759,0.0380293008704448,253.494436420356,158
19834601,19834767,"3",33,-0.07952881,-0.14394224,-0.20230198,-0.055770874,-0.015777588,-0.021728516,245.10052,-8.642936,64.14501,0.28138828,0.18790686,0.26357698,0.033981323,0.034835815,0.012329102,245.19006,-8.449259,64.21432,0.0057130004,-0.0206825534151515,0.0335575884015152,0.00320064669393939,0.00316134363060606,-0.00782452210506061,245.129292424242,-8.51818033333333,64.1734347272727,-0.003739357,-0.029619515,0.04991436,0.011276245,-0.000869751,-0.0074005127,245.12608,-8.514037,64.17044,0.0663821442626032,0.0837226432253551,0.113541987670365,0.0294406049514261,0.0121734223472744,0.00959873480065453,0.0216834581291669,0.0502080561872711,0.0164524479566733,0.00440658907690107,0.0070094809886401,0.0128917829641373,0.000866749219905937,0.00014819221164512,9.21357097732963e-05,0.000470172356439334,0.00252084890610417,0.000270683043767044,0.427179213853372,0.320234571218433,-0.432177697451584,-0.822904113490652,0.993416932956887,-0.132520404157335,0.444452756100754,-0.247569831296346,0.546069608718614,0.0656177906374569,0.0849990616983707,0.116735746940003,0.0291672458639726,0.0123974042491055,0.0122705690471399,245.12929335421,8.51832381696846,64.1734367723598,0.15861200948032,0.0339851545258483,253.533355375898,166
19835285,19835443,"1",32,-0.082294464,-0.14058048,-0.37200594,-0.015213013,-0.016326904,-0.017822266,244.7031,-8.498561,63.91435,0.08156872,0.13862813,0.22061014,0.02331543,0.03993225,0.0067443848,244.9559,-8.29685,64.006966,-0.000935852412500001,-0.009472586509375,0.04086239625,0.009570121805625,0.005021572068125,-0.0050678252453125,244.8032946875,-8.38703934375,63.9523644375,-0.00559282315,0.00221675635,0.0776221755,0.0131072995,0.0026321411,-0.0051269532,244.763055,-8.3523695,63.9542535,0.0376265689320287,0.0823338378993181,0.128611567015334,0.0116164755539832,0.0139737162695275,0.00854116672851764,0.0857932406911327,0.0677911370035411,0.0253445002940918,0.00141575868959671,0.00677886086323119,0.0165409351701398,0.000134942504296289,0.000195264746381259,7.29515290843368e-05,0.00736048014828663,0.00459563825623288,0.000642343695157221,0.371304442819063,-0.425924862399927,-0.85746049371167,-0.913489899222177,0.512984002688453,0.0207681069461204,1.40709293095219,-1.53426444587541,-0.223606203879903,0.0370458101582999,0.0815889168725312,0.133017917489957,0.0149101570216926,0.0146416839568479,0.00981604026670011,244.803309251162,8.38730475052452,63.9523693026089,0.160383633142795,0.0230877963006699,253.157880858399,158
19835911,19836052,"7",28,-0.5156231,-0.12818831,-0.4755411,-0.030059814,-0.08912659,-0.010345459,244.9856,-8.605766,64.0315,0.2729826,0.15867966,0.2557664,0.053604126,0.07144165,0.0074157715,245.1081,-8.41927,64.20301,-0.00542848452857143,0.0135422241142857,0.0126819450667857,0.00640596659285714,0.00146211892142857,-0.000347137458928571,245.045079642857,-8.543903,64.12094875,0.00743961335,0.013653755,0.0479364395,-0.0046691895,0.022705078,0.000839233375,245.039955,-8.570778,64.105495,0.129881462826779,0.0734442142114281,0.168625685029715,0.0301635661064997,0.0580435492846186,0.00559764234394537,0.0411431753471365,0.0600719382754266,0.0525326301924359,0.0168691943860239,0.00539405260113413,0.0284346216517407,0.00090984072026118,0.00336905361355595,3.13335998107302e-05,0.00169276087764522,0.00360863776816666,0.00275967723493523,-0.297227123836759,-0.00455573881122405,-0.627208620566939,1.10150995281065,-1.09794935046473,-0.635823491944852,0.373668984992567,1.34214081174375,0.882522916331983,0.127656537639983,0.0733811944529447,0.166072066225991,0.0303048315753789,0.0570163841536366,0.0055077261269987,245.045082973479,8.54410663739966,64.1209695007605,0.221948017522435,0.0648042122539667,253.439525681035,141
19836545,19836711,"3",32,-0.16759205,-0.25618505,-0.28145266,-0.11677551,-0.07350159,-0.026245117,245.05377,-8.730062,63.82997,0.13012028,0.18825191,0.37256145,0.074401855,0.09098816,0.014038086,245.60004,-8.283922,64.136795,-0.012253433584375,-0.06426185578125,0.07025182221875,0.007068156990625,-0.0122880938021875,-0.002979278475,245.262971875,-8.415175984375,63.9650493125,-0.009792328,-0.0731698,0.045896768,0.0347366325,-0.0238723755,-0.0015411377,245.231415,-8.3590075,63.954625,0.0535581541851661,0.136847753295018,0.190580280884922,0.0599715705398129,0.0495108544613528,0.012880997739018,0.174266170729972,0.129608983846606,0.105443979597313,0.00286847587972203,0.0187273075818942,0.0363208434621757,0.00359658927301176,0.00245132470949326,0.000165920102752587,0.0303686982608877,0.0167984886937498,0.0111184328333185,-0.137856071880273,0.195281486270647,0.383382595077447,-1.38407958606021,0.701923759376136,-0.334944731178014,0.54325302841889,-1.30010627445725,0.296583433396855,0.054120076155595,0.149236943577689,0.200302610140351,0.0594487569380072,0.0502565225778003,0.013023486467654,245.263031850773,8.41614284479083,63.9651335067188,0.255581266137671,0.0789270800350576,253.606633504626,166
19837171,19837362,"0",38,-0.095739365,-0.12822127,-0.41986895,-0.051071167,-0.09288025,-0.00869751,245.09538,-8.484322,64.27339,0.07747555,0.05038774,0.29286575,0.062149048,0.08480835,0.009536743,245.40436,-8.249649,64.485825,-0.01323310965,-0.0428972745131579,0.0587739064210526,0.00959295975263158,-0.00247152223421053,-6.46491210263157e-05,245.253580526316,-8.32937786842105,64.4089828947368,-0.0144963265,-0.0503459565,0.115789175,0.0278167715,-0.0138778685,0.00077819824,245.262695,-8.305221,64.434365,0.0443621836340791,0.0475473886679489,0.173090347496065,0.0465734033497459,0.0515151063316887,0.00566491655183198,0.112224167531302,0.0677816702333112,0.0685241136490956,0.00196800333678375,0.00226075416914099,0.0299602683963086,0.00216908189957812,0.00265380618036519,3.20912795392199e-05,0.0125942637780938,0.00459435481961735,0.00469555415139417,0.0854252482533071,0.469974200193869,-0.988188008235008,-1.17387674745491,0.664252512205709,-0.446351161564991,-0.243650023467482,-1.06917703582267,-1.11123386694826,0.0457310503520132,0.0635722958452135,0.180627274675246,0.0469470518113039,0.0508928049705745,0.00559025506500143,245.253605526634,8.32964639859867,64.4090183865694,0.196872999982061,0.0694647696551134,253.706987847125,191
19837805,19838055,"4",50,-0.08270073,-0.12024188,-0.15037584,-0.006210327,-0.034820557,-0.01625061,244.78046,-8.34443,64.01291,0.09010506,0.14467609,0.17737961,0.021347046,0.039657593,0.010559082,245.02826,-8.221306,64.18807,-0.0001632689876,-0.003903237548,0.025081863574,0.007288208044,0.006702880794,-0.002290954576,244.903527,-8.27884863,64.13297408,0.00183534626,-0.007272035,0.021815777,0.0065689087,0.0126037595,-0.00251770015,244.896145,-8.27415675,64.160395,0.0375341694949735,0.0637277866919232,0.0651159896105033,0.00799098584971593,0.0178179907837387,0.00716856779631859,0.0755735843940396,0.0380792955122904,0.0556603251377712,0.0014088138796774,0.00406123079665127,0.00424009210295518,6.38558548503602e-05,0.000317480795569397,5.1388364250416e-05,0.00571136665816302,0.00145003274671234,0.00309807179444241,-0.159743663533116,0.158586903462644,0.150473943199037,0.270041528364952,-0.993525944247094,0.0948915796470997,0.293038899472489,-0.36964024178074,-1.47794249847398,0.0371572907899131,0.0632079223205,0.0691692861119791,0.0107562407116046,0.0188695466452319,0.0074571489079073,244.903538427233,8.27893445260588,64.1329977504273,0.100798292863329,0.0229644415276589,253.29691133195,250
19838498,19838672,"5",34,-0.08767605,-0.19263142,-0.15837955,-0.093185425,-0.02116394,-0.019958496,245.4708,-8.832027,63.927696,0.17735481,0.06762153,0.49410725,0.05253601,0.040618896,0.019561768,245.76581,-8.6015415,64.13363,-0.00278809498529412,-0.0401572792294118,0.0696249434411765,0.00559369258823529,-0.00213219136470588,-0.000358581554705882,245.549162352941,-8.66295641176471,64.0075957941176,-0.0117788315,-0.026423305,-0.0245893,0.0183868405,-0.006324768,0.0020751953,245.494515,-8.659591,64.00178,0.0545280858795063,0.0636815048546808,0.198664066507928,0.0432377012379843,0.0153295254069386,0.0101531566837108,0.0923343790026802,0.0524958519933445,0.0557542562037651,0.00297331214968282,0.00405533406055674,0.0394674113214663,0.00186949880834519,0.000234994349201975,0.000103086590643982,0.00852563754581059,0.00275581447650713,0.00310853708483508,0.494648016871885,-0.646999828007469,1.42271692758414,-0.887638395113795,0.82049049608472,-0.719119264241386,1.77552565571231,-0.192324439184246,0.312933640244259,0.0537925205394414,0.0744893724263592,0.207735981128249,0.0429628088705556,0.015252179867539,0.010009156449322,245.54917920269,8.66311078962083,64.0076193624843,0.227148717200373,0.0466756376452069,253.902391150852,174
19839190,19839490,"1",60,-0.06974316,-0.12110627,-0.18884373,-0.023925781,-0.012619019,-0.0069885254,244.59653,-8.294324,63.762955,0.060780525,0.07016802,0.23805857,0.02973938,0.03804016,0.0063323975,244.88544,-8.096938,63.887814,-0.009629074747,-0.0270815680472,0.028393594322,0.003740692169,0.00229237875783333,7.45137548833334e-05,244.800491166667,-8.21952391666667,63.8531974666667,-0.009047508,-0.027822733,0.0307719705,0.0026168823,-0.0030136108,0.0009613037,244.832965,-8.2196825,63.853895,0.029265606151519,0.0411803660531559,0.0911868659448293,0.0149170165158404,0.0138111479856643,0.00330144948300193,0.0789442283093691,0.056207967871532,0.0237236429044927,0.000856475703415827,0.00169582254827191,0.00831504452084027,0.000222517381733854,0.000190747808681919,1.08995686888137e-05,0.0062321911833618,0.00315933565224718,0.000562811232659887,-0.0596160637154424,0.0539940527854923,-0.078247327178861,0.226012326487665,1.15254493616479,-0.805818731756267,-1.2340547508837,0.00846410247548146,-0.0882073637862492,0.0305764646230104,0.0489996955809847,0.0947768782141258,0.0152578352530159,0.0138860966043948,0.00327466967957589,244.800503683637,8.21971289624604,63.853201800287,0.110988949899919,0.0208889606497091,253.124636620001,300
19839983,19840157,"2",35,-0.101187706,-0.22610837,-0.3099556,-0.10598755,-0.05747986,-0.012145996,245.18658,-8.67023,63.91436,0.06781769,0.09009105,0.4450426,0.084350586,0.07841492,0.017318726,245.59909,-8.266374,64.1813,-0.00443581161714286,-0.0247503636571429,0.0511551303771429,0.000727189908000001,-0.00647365040228571,0.003938947412,245.318634857143,-8.43075782857143,64.0532048857143,-0.0058755875,-0.004068792,0.028622627,-0.004562378,-0.009216309,0.005264282,245.27768,-8.457653,64.04955,0.041649133137972,0.0921119994800031,0.215942840037058,0.0621966252546736,0.0367584880872642,0.0083014026142024,0.128251379842858,0.107418973640802,0.0973674209469928,0.00173465029114451,0.00848462044820408,0.0466313101632702,0.0038684201930703,0.00135118644646154,6.89132853630865e-05,0.0164484164315972,0.0115388358980433,0.00948041466186889,0.103707504169719,-0.673579070280611,0.313034273883905,0.255137696925246,0.223838798092287,-0.478955659516824,0.957998047109449,0.751129074790094,0.112611148947029,0.0412888033122474,0.0940998577165415,0.218896857856961,0.0613059761116485,0.0368033866505625,0.00908072910438441,245.318667423891,8.43142257978396,64.0532767754856,0.241816837463568,0.0720789263031854,253.683187734287,174
19840642,19840858,"6",43,-0.22777748,-0.14218807,-0.49127197,-0.09037781,-0.018722534,-0.02078247,245.10391,-8.793473,63.987255,0.17623806,0.1205042,0.3600006,0.05467224,0.047973633,0.011016846,245.51285,-8.4888935,64.16923,-0.00498585360697674,-0.0413295444534884,0.0422607133255814,0.000411632474418604,0.00265467448474419,-0.00334806219837209,245.259751860465,-8.5665816627907,64.0494369534884,0.0055122375,-0.045815587,0.036360264,0.005859375,0.0012969971,-0.0037841797,245.22214,-8.548542,64.040215,0.0643168435841347,0.0688941314955428,0.203839782111365,0.0434524850330186,0.0169915775200948,0.00943473929422114,0.120452280004824,0.0808115965946426,0.0495556606842746,0.00413665636862605,0.00474640135452514,0.0415506567712089,0.0018881184555447,0.000288713706621391,8.90143055499204e-05,0.0145087517583605,0.00653051414417526,0.00245576350585496,-0.489673801851481,0.195345051129726,0.086839515787322,-0.376117213188736,0.239708888089741,0.138673943612316,0.936765841135096,-0.669693344181296,0.55827851113427,0.0637598133146418,0.0796501799898066,0.205840545856445,0.0429462241100938,0.0170013743854529,0.00990725622485967,245.259780750933,8.56695395265926,64.0494556784959,0.229738536786508,0.0472395874475398,253.629819868907,216
19841384,19841651,"7",53,-0.0912981,-0.1247046,-0.34094667,-0.032577515,-0.10949707,-0.014556885,245.0394,-8.804508,63.988117,0.09139538,0.075959146,0.18899822,0.042251587,0.060012817,0.0074768066,245.37784,-8.557451,64.27062,-0.00773028596603773,-0.0273511037433962,0.0154331225679245,0.00397361896132075,0.00466314336924528,-0.00266049945962264,245.278991886792,-8.72303024528302,64.1117633584906,-0.009945869,-0.029037654,0.017283916,0.003326416,0.010574341,-0.0020446777,245.3197,-8.741898,64.07909,0.0426939919447083,0.0470422278672738,0.112127059051953,0.0184966383605193,0.0418499020097031,0.00503809765050405,0.0932414418027124,0.0567284962359191,0.0950436854451863,0.00182277694817482,0.00221297120271651,0.0125724773716402,0.000342125630639834,0.00175141429822176,2.53824279360144e-05,0.0086939664694486,0.00321812228518868,0.00903330214300353,0.155683476740587,0.107555509149923,-0.0495186473557089,0.104970905854255,-0.4237427578242,-0.366698981843492,-1.30976459889019,0.997792430730916,1.03131602076015,0.0429900250221077,0.0540305460370555,0.112131360865972,0.0187472685400165,0.0417146695001561,0.00565524283970415,245.27900927501,8.72321122426364,64.1118324788613,0.131684791248339,0.0460820518292618,253.669497316471,267
19842085,19842285,"9",40,-0.18280888,-0.13442528,-0.268898,-0.089523315,-0.045425415,-0.015686035,245.4356,-8.887259,64.031044,0.22887039,0.10844231,0.5061946,0.07829285,0.04902649,0.029373169,245.67068,-8.638634,64.19691,-0.0026395796935,-0.0200502679525,0.054390001435,0.0034393311,0.000580978478,-0.00015792848575,245.52122575,-8.734747775,64.1048442,-0.007891655,-0.0365846165,0.041217089,0.0072174075,-0.002349853565,-0.00136566165,245.53099,-8.725674,64.09936,0.0646609729241827,0.0607612031360808,0.195170195391398,0.0472594748599396,0.0217735404994782,0.0123718753910821,0.0541358989328642,0.0633346752395912,0.0442745650274416,0.00418104141950189,0.00369192380654408,0.0380914051691163,0.00223345796403726,0.000474087065882416,0.000153063300692462,0.00293069555326929,0.00401128108770449,0.00196023710836915,0.243674433076884,0.816360491272844,0.202483464371947,-0.239829774528614,0.403815637112886,0.292857742114157,-0.541096584288639,-0.429801288109969,0.371603876622987,0.0639021342755677,0.0632585089639925,0.200243332712946,0.0467915645533654,0.0215074969540217,0.0122172689084657,245.521231569106,8.73497164803229,64.1048591070712,0.219505157154241,0.0529271631410637,253.902358874509,200
19842736,19842894,"8",31,-0.078463554,-0.2725079,-0.40407038,-0.13130188,-0.034225464,-0.017745972,245.02924,-8.892251,64.122604,0.12214184,0.18418682,0.5089245,0.06958008,0.034683228,0.020446777,245.7221,-8.42146,64.32211,-0.0105278875,-0.0405466359967742,0.103067275535484,0.00628415977419355,0.00186206450451613,0.00408148,245.348413548387,-8.55881540322581,64.1777916129032,-0.019185066,-0.033771038,0.12491846,0.04698181,0.0013122559,0.0055999756,245.35663,-8.512889,64.151184,0.0470472819868864,0.12306797263294,0.261045724683449,0.07096830857745,0.0165060575929871,0.0115624205473985,0.245189415820348,0.131748957192358,0.0655977797249649,0.00221344674235361,0.015145725887982,0.0681448703755072,0.00503650082234417,0.000272449937263006,0.000133689568914903,0.0601178496303235,0.0173577877212737,0.00430306870484501,0.552030519153882,-0.165167212520425,-0.251119046186412,-1.72038693220616,0.0999285143806344,-0.39399075490512,-0.10053188779057,-1.04577077962186,1.21685275087567,0.0474645304385117,0.127676089287692,0.276711965835954,0.0700965314259489,0.0163440666245687,0.0120845141055035,245.348532111514,8.55979666613527,64.1778240560497,0.308421104113103,0.0729841606990414,253.74783827416,158
19843437,19843578,"1",28,-0.08341789,-0.095452905,-0.27469635,-0.0032958984,-0.020736694,-0.0082092285,244.64868,-8.238851,63.844246,0.08559036,0.10875934,0.28893518,0.017288208,0.040786743,0.00033569336,244.80879,-8.146773,63.91046,-0.00926637636071429,0.004482790725,0.0149907559535714,0.00587790353464286,0.00376129156785714,-0.00311224801857143,244.743468928571,-8.20156080357143,63.8788048571429,-0.014152527,-0.00371050835,-0.00864267365,0.00585174565,-0.00167083745,-0.0020065308,244.762645,-8.2069435,63.876255,0.0421273331593413,0.0539809974045743,0.151040345794627,0.00557200882834555,0.0201985403054712,0.00267075947495423,0.049995663688947,0.02388301982439,0.0201482862311641,0.00177471219911814,0.00291394808079266,0.0228131860577604,3.10472823831607e-05,0.000407981030471746,7.13295617305782e-06,0.00249956638769829,0.000570398635932207,0.000405953438052916,0.34795584763017,0.455343517289607,0.469412913733124,0.0140835480247923,0.806810136134301,-1.24202560613255,-1.15066407846344,0.676132641703104,0.379663627011013,0.0423933408855283,0.0531974991814727,0.149074317630167,0.00803045458439579,0.020188055717228,0.00406992573241915,244.743473852699,8.20159433536769,63.8788079211881,0.163860676940806,0.022104526458202,253.075356849617,141
19844162,19844295,"9",26,-0.22866917,-0.23094916,-0.4286132,-0.09277344,-0.0546875,-0.018753052,244.90283,-8.618309,63.879436,0.16578484,0.1921714,0.5832958,0.06486511,0.07281494,0.023361206,245.2768,-8.344971,64.11718,-0.0153493876461538,-0.0385577268076923,0.0680208186923077,0.00303415140769231,0.00831838743461538,0.00124065694923077,245.044481153846,-8.42075667307692,63.9692611923077,-0.020819664,-0.053535014,0.05978775,0.01158905,0.0037689209,-0.00056457521,244.995605,-8.382685,63.953322,0.079411229414243,0.134885841135765,0.336536171567044,0.0503102287520547,0.0287082156233691,0.013761292404441,0.12769796873332,0.0915442199565807,0.0816799496140987,0.00630614335708153,0.0181941901389029,0.113256594773003,0.00253111911708407,0.000824161644277856,0.000189373168640526,0.016306771218616,0.00838034420745883,0.0066716141689617,0.206656277488572,0.333110289401675,0.0733924260263435,-0.510128783222337,0.475417900677047,0.393545629184113,1.14824427508842,-1.2476486148983,0.585426131492365,0.0793675190674438,0.137771956114717,0.336938278728745,0.0494264550274082,0.0293540233870981,0.013550970994617,245.044513147194,8.42123512143236,63.9693113336646,0.372569079027348,0.0590615099746329,253.396533948314,133
19844772,19844938,"7",33,-0.084085464,-0.23441327,-0.27467155,-0.011230469,-0.060028076,-0.021026611,244.99747,-8.635281,63.796207,0.11783314,0.16537684,0.20774221,0.035446167,0.0622406,0.0028076172,245.2449,-8.351539,64.03508,-0.0137987713666667,-0.0261134905757576,0.0104399448333333,0.00348825156484848,0.0170338949484848,-0.008829290119,245.139846666667,-8.53790172727273,63.9462450606061,-0.023729324,-0.046328068,0.021018028,-0.0024261475,0.036895752,-0.0059509277,245.13434,-8.547725,63.97203,0.047758707086561,0.122214168800546,0.11762475966388,0.0136413892764161,0.0409635800244662,0.00808379775225943,0.0811488005020185,0.0822908676525008,0.0779144944895277,0.00228089410257993,0.0149363030556084,0.0138355840859855,0.000186087501390719,0.00167801488842085,6.53477860994346e-05,0.0065851278229164,0.00677178689900141,0.00607066845155864,0.623795318537491,0.496208687322482,-0.269792257945373,1.30068842952974,-1.45459872205889,-1.06819684529916,0.20357663819781,0.358117723418152,-0.992816788308973,0.0490120616858849,0.123148699552814,0.116298393842266,0.0138786305223797,0.0437872073729772,0.0118879735094968,245.139859691025,8.53828627335732,63.9462910891624,0.176332358920707,0.0474474428063656,253.486846376456,166
19845406,19845539,"4",27,-0.071499825,-0.11683279,-0.39277697,-0.021087646,-0.014526367,-0.005050659,244.76376,-8.259875,63.74824,0.05002594,0.080176294,0.20896912,0.011230469,0.037582397,0.0046081543,244.90878,-8.183971,63.92365,0.00149168802222222,-0.000573736570370371,0.0522519924092593,0.0016925954162963,0.0139759204537037,0.00143206562111111,244.864850740741,-8.23915216666667,63.854073962963,0.011876106,0.0094893575,0.091685295,0.00340271,0.011947632,0.0021972656,244.88214,-8.246178,63.855568,0.0329934912236207,0.0516891545052405,0.139050684162728,0.00811720903376538,0.015473164377618,0.00271053195797345,0.0383860809034031,0.0199248630132344,0.053876943754678,0.00108857046312314,0.00267176869346662,0.0193350927661228,6.58890824978423e-05,0.000239418815856788,7.3469834951954e-06,0.00147349120712261,0.000397000166096157,0.00290272506834474,-0.944224232658049,-0.584054479127733,-0.850768253925153,-0.632032972142306,0.393252809355072,-0.84691860205293,-1.35121316261213,1.05784917999188,-0.0831916363242635,0.032411081002007,0.0507261616038951,0.146113821830676,0.00814331783441495,0.0206368070406928,0.00302087486310534,244.864853638089,8.23917536662161,63.8540958504956,0.158028068939508,0.0223901119944861,253.187728997297,133
19846058,19846199,"5",28,-0.13135433,-0.22086018,-0.35219288,-0.13145447,-0.02507019,-0.01889038,245.04318,-8.812202,63.970715,0.194417,0.13641948,0.55624676,0.058944702,0.053146362,0.023834229,245.48709,-8.448042,64.11571,-0.003842796325,-0.0525961005964286,0.0372603961535714,0.000438145482857143,-0.00209481382085714,0.000764029387142857,245.195095357143,-8.534074625,64.03303375,-0.0143184665,-0.040318399,-0.00635313985,0.0379104615,-0.011741638,-8.3923325e-05,245.164785,-8.4911125,64.02788,0.0740837326301145,0.107304261407781,0.229642437155735,0.0692468191797317,0.0221248581679802,0.0112745130962013,0.132572559991996,0.101230719784854,0.048298207212051,0.0054883994404103,0.0115142045162694,0.0527356489428258,0.00479512196651046,0.00048950934895324,0.000127114645556415,0.0175754836628313,0.0102476586281597,0.00233271681989821,0.424209329218182,-0.343258546362025,0.569757966477176,-1.62342399814276,1.30805234174618,0.225629090562294,0.685896624716981,-1.27319429590073,0.320120577811326,0.0728502042432057,0.117768131191559,0.22856196103174,0.0680004381017343,0.0218269355876853,0.0110976834380406,245.195129916942,8.53465355921896,64.0330513144122,0.267239695803793,0.072274707034119,253.562070718387,141
19846751,19846859,"3",21,-0.12219238,-0.17502749,-0.22484398,-0.066345215,-0.028427124,-0.019851685,245.42963,-8.989628,63.967888,0.063427925,0.04867387,0.3421526,0.061965942,0.04701233,0.00894165,245.6779,-8.709702,64.114784,-0.0172699064761905,-0.0714296835238095,0.0348834996666667,0.00523013154761905,0.00158400760952381,-0.00413731172380952,245.511638571429,-8.83345445238095,64.028085047619,-0.025704384,-0.052930176,-0.026890278,0.015960693,-0.0030059814,-0.0024108887,245.45624,-8.832011,64.02835,0.0499417856230212,0.07386308254854,0.195514531485062,0.0468865686054128,0.0228763472990936,0.00977672942183285,0.090129167381357,0.0836908318873556,0.0431543598312805,0.0024941819512158,0.00545575496357243,0.0382259320218233,0.00219835031559008,0.000523327265748748,9.55844381877321e-05,0.00812326681285666,0.00700415534199762,0.00186229877244763,0.506658547662435,-0.751370246901855,0.947864752519222,-0.686586485525549,0.601930319055657,-0.529754772578907,1.84397259083124,-0.051742312093223,-0.0184189302305966,0.0517074564430185,0.101479834432639,0.193965223928384,0.0460545463904927,0.0223811527823689,0.0103995262668067,245.511654327187,8.83383202163275,64.0280988979293,0.224931825097896,0.0522502381781728,253.877148335847,108
19847377,19847510,"8",27,-0.07808685,-0.17756718,-0.4457426,-0.08799744,-0.04208374,-0.022766113,245.59146,-9.035252,64.031044,0.15253258,0.19739413,0.43308306,0.09164429,0.035964966,0.017425537,245.76392,-8.792866,64.170235,-0.0105206877344444,-0.0497587301222222,0.0274572018518518,0.0132022433407407,-0.00105455181777778,-0.00471835660740741,245.651976666667,-8.91009009259259,64.0936636666667,-0.008800507,-0.04829645,0.05172968,0.027511597,-0.005340576,-0.0059051514,245.6319,-8.899167,64.09153,0.0571401555087978,0.0897760276865851,0.230963511539317,0.0639103444767142,0.0198010730467143,0.0128557540863432,0.0563769268816213,0.0878111211088055,0.048473738604606,0.00326499737156959,0.00805973514718249,0.053344143662572,0.00408453213113228,0.000392082493801314,0.000165270413128531,0.00317835788461568,0.0077107929903853,0.00234970333430767,-0.0903137584660366,-0.0488642734559548,-0.315276789650165,-0.671691904170828,0.649362411639621,0.276948699692382,1.06834485899579,-0.373179129978031,0.13205088330836,0.0570504725081101,0.101178839988427,0.2283031593552,0.064090189518683,0.0194595220777181,0.0134689337288082,245.651982896295,8.91050675697973,64.0936813179979,0.256152779891939,0.0683201110056543,254.032072416931,133
19848061,19848244,"0",36,-0.19962978,-0.30921996,-0.3880229,-0.066467285,-0.10127258,-0.01966858,245.60324,-9.097849,64.35073,0.10662365,0.1293031,0.51014614,0.07589722,0.043045044,0.013153076,246.14203,-8.69389,64.47247,-0.0175441368652778,-0.0631031422694444,0.0660390718861111,0.00740008929722222,-0.00357945748777778,0.00130589802888889,245.881954166667,-8.86185944444444,64.3993395833333,-0.01181173325,-0.041690171,0.077206375,-0.00338745115,0.00090789797,0.00569152825,245.95282,-8.8471505,64.396185,0.0682108905725488,0.111305594514827,0.206045604332758,0.0498161517343696,0.0348452598975458,0.0106387230411693,0.208193324393804,0.132182164377465,0.0365503803453922,0.00465272559270022,0.0123889353702992,0.0424547910648516,0.00248164897362174,0.00121419213732751,0.000113182427946706,0.0433444603221435,0.0174721245795111,0.00133593030339283,-0.252118257091842,-0.577140026863392,-0.162594632630755,0.649641134751458,-0.386338526758455,-1.23669829663009,-1.02115425947977,-0.333833490631343,0.258923434190026,0.0695074093422623,0.126597017504195,0.213627363248787,0.0496736912411075,0.0345438430673849,0.0105708959543035,245.882039859088,8.86281781381491,64.3993496674509,0.257865730803958,0.0614206523626842,254.330106952476,183
19848754,19848895,"6",27,-0.060700417,-0.22808069,-0.32059622,-0.10696411,-0.03652954,-0.02230835,245.36862,-8.879244,63.977177,0.19828224,0.1304205,0.57819176,0.071762085,0.056640625,0.016708374,245.70203,-8.54365,64.179634,0.00418111983333333,-0.059670462,0.0310926281851852,-0.00222665250740741,-0.00290369105266667,-0.00238037112,245.473127777778,-8.66602898148148,64.0774118148148,-0.0041332245,-0.06304622,-0.012324333,0.007446289,-0.009628296,0.00033569336,245.42029,-8.6705265,64.08006,0.0551056136453806,0.0885124827016502,0.292944177975437,0.0590381715863222,0.0262583542167342,0.0114555544564472,0.107289091901394,0.0997539914524807,0.075952770853915,0.00303662865523396,0.00783445959400993,0.0858162914097043,0.00348550570425602,0.000689501166171483,0.000131229727904626,0.0115109492410259,0.00995085881070159,0.00576882340038732,0.452640508833004,0.114416336440772,0.444626974516889,-0.491526477573795,0.768281769507984,-0.711287565432,1.47744128060169,0.13525830254101,-0.104598627097653,0.054236912617912,0.105379592232817,0.289144707324627,0.0579773307576628,0.0259305901913598,0.0114906716200922,245.473150355844,8.66658183001588,64.0774551620821,0.312491860571315,0.0645430238192825,253.846602195673,141
19849455,19849588,"2",27,-0.09289932,-0.2464894,-0.36953402,-0.0745697,-0.039794922,-0.011413574,245.00592,-8.813551,64.119965,0.11218643,0.18735039,0.38626766,0.094955444,0.048477173,0.00970459,245.42322,-8.442563,64.301735,-0.00332910038751852,-0.0471028681111111,0.0608015406666667,0.0136136658148148,-0.000100029825925926,-0.00294438110740741,245.172666296296,-8.60512503703704,64.1917782962963,-0.018548012,-0.06436366,0.11331749,0.02796936,-0.0019378662,-0.006072998,245.14598,-8.596962,64.18456,0.050684046228834,0.109424372162859,0.218909839135342,0.0638320130985788,0.0256125701511766,0.00705327450448383,0.13870954484789,0.128280727198873,0.0556862171628571,0.00256887254212658,0.0119736932232358,0.0479215176702612,0.00407452589621714,0.000656003749748943,4.97486812356016e-05,0.0192403378319087,0.0164559449706716,0.00310095478190889,0.900810772512288,0.473225248115637,-0.719692859043195,-0.67469409885358,0.215265749968827,1.33070826490747,0.577169285477953,-0.190902496780742,0.388873405164697,0.0498478888623238,0.11725571750729,0.223256520605507,0.0641010875618194,0.0251339873585377,0.00752166986724308,245.172704081363,8.60604574520546,64.1918015555372,0.257054837155532,0.0692621272033928,253.582937590213,133
