id,Timestamp,x,y,z,a,b,c,alpha,beta,gamma
1,134092872045558,0.037148476,0.003153503,0.049664974,-0.0051574707,-0.008361816,-0.0012664795,245.98688,-3.7142746,42.510002
2,134093057409328,0.012836933,0.04531291,0.065867424,-8.392334E-4,-0.010360718,-0.0024261475,245.9946,-3.7196674,42.510204
3,134093062444728,0.009968758,0.05386895,-0.009827137,0.0034637451,-0.0104522705,-0.00440979,246.00838,-3.7278447,42.514076
4,134093067480129,0.04943657,0.043388516,-0.025774002,0.0074005127,-0.011413574,-0.0054626465,246.02298,-3.7360995,42.52121
5,134093077154201,0.03913212,0.009544671,0.01720047,0.008468628,-0.009384155,-0.004486084,246.05124,-3.7404232,42.52509
6,134093082067531,0.021893501,0.020763427,-0.0014977455,0.008239746,-0.010040283,-0.0054779053,246.05843,-3.746217,42.52889
7,134093087041896,0.03312826,0.031873077,-0.055322647,0.0063323975,-0.0069122314,-0.005340576,246.07117,-3.7532146,42.535435
8,134093092046779,0.07728624,0.0099594295,-0.118056774,0.0061950684,-0.0048980713,-0.004272461,246.08453,-3.7580674,42.546356
9,134093097021144,0.04097891,0.044843107,-0.08600044,0.0053863525,-0.0039520264,-0.0030670166,246.12447,-3.7654152,42.55337
10,134093102422756,0.054519176,0.0016818345,-0.113170624,0.0063934326,-0.0038909912,-9.918213E-4,246.13379,-3.768752,42.5623
11,134093107030910,0.06324291,-0.015025556,-0.060034752,0.0074005127,-0.0028839111,0.002319336,246.13657,-3.7695382,42.568993
12,134093112035793,-0.010542393,-8.928478E-4,-0.033382416,0.0074005127,-0.0028839111,0.004135132,246.1365,-3.7710185,42.57084
13,134093117040676,-0.0034742355,-0.024560183,-0.011724949,0.0075683594,-0.0025482178,0.004486084,246.15385,-3.7700226,42.57216
14,134093122045558,-0.05297947,-0.01027903,-0.002105236,0.008102417,-2.2888184E-4,0.0062713623,246.14807,-3.7700887,42.57041
15,134093127019924,-0.03357172,-0.047921985,-0.023296356,0.0059814453,0.002456665,0.0062713623,246.14027,-3.766576,42.56985
16,134093132421535,-0.04237938,-0.05863434,0.05497551,0.0040740967,0.0025634766,0.0063934326,246.1326,-3.7625978,42.570576
17,134093137029689,-0.0041618347,-0.02494669,0.0684762,0.0029144287,0.0033111572,0.006942749,246.17096,-3.7566514,42.565838
18,134093142034572,-0.008759022,-0.043512404,0.07479668,0.0022583008,0.002456665,0.0047912598,246.16074,-3.7532508,42.56215
19,134093147039455,-0.020362377,-0.028954148,0.09990311,0.0031280518,0.002670288,0.0030670166,246.14832,-3.7488909,42.55819
20,134093152044338,-0.015299797,0.04201603,0.028079033,0.0033416748,0.003967285,0.0030670166,246.19623,-3.7494402,42.549362
21,134093158117336,0.006207943,0.05099085,0.0135355,0.004196167,0.005004883,0.0030670166,246.20395,-3.7537901,42.54777
22,134093163152736,0.003759861,0.012804776,0.08888006,0.0036773682,0.0014343262,0.003250122,246.20212,-3.75417,42.544662
23,134093168188136,-0.0034937859,-0.0013835728,0.13061142,9.918213E-4,-0.0039520264,0.0038909912,246.19586,-3.752796,42.54063
24,134093173223537,-0.022506237,-0.0013628304,0.039947033,0.001739502,-0.004470825,0.0030670166,246.24213,-3.752511,42.539635
25,134093178258937,-0.017815113,0.026939213,0.03507614,0.0036621094,-0.006362915,0.0030670166,246.24634,-3.7546048,42.539425
26,134093183294338,0.05520487,0.03615123,0.0043287277,0.002319336,-0.007156372,0.0033416748,246.25537,-3.7572532,42.5436
27,134093188329738,0.056791306,0.071192265,0.07765961,0.0031280518,-0.007156372,0.0036468506,246.26746,-3.7624593,42.545082
28,134093193365138,0.07491732,0.032781363,0.072458744,0.0033416748,-0.007156372,0.0024414063,246.29712,-3.764887,42.547283
29,134093198400539,0.0810895,0.030099094,0.09798145,0.004196167,-0.006866455,0.0038452148,246.30284,-3.7670057,42.548824
30,134093203435939,0.08257294,0.029751927,0.071312904,0.004196167,-0.0051879883,0.0024719238,246.30986,-3.769596,42.55076
31,134093208471340,0.022779465,0.001044929,0.09200668,0.004196167,-0.0025787354,6.2561035E-4,246.31,-3.770371,42.549004
32,134093213506740,0.07445288,0.04804629,0.048782825,0.004196167,-0.0015106201,-7.6293945E-4,246.34363,-3.7751381,42.5504
33,134093218542140,0.05251074,0.054439306,0.069675446,0.0047912598,-0.0013580322,-0.0022735596,246.3558,-3.7809887,42.550343
34,134093223577541,0.05430031,0.07258481,0.033809185,0.0063323975,-0.0034332275,-0.0022735596,246.37244,-3.7882676,42.552082
35,134093228612941,0.034829617,0.052745044,0.06434631,0.006668091,-0.004348755,-0.0029449463,246.38565,-3.794578,42.552105
36,134093237005275,0.043929577,0.037659377,-0.009289265,0.008087158,-0.0021972656,-0.0054473877,246.41283,-3.8012555,42.554405
37,134093238683742,0.034056664,0.017888844,0.02393341,0.009887695,-0.0018310547,-0.007247925,246.42598,-3.8071659,42.555355
38,134093243719142,5.302429E-4,0.028987467,-0.063390255,0.010238647,-0.00541687,-0.0065460205,246.44373,-3.814165,42.5591
39,134093248754543,0.023838997,0.03294444,0.07199383,0.009185791,-0.008224487,-0.005844116,246.45781,-3.8205993,42.55988
40,134093253789943,-0.030886173,-0.003117919,0.019702911,0.007827759,-0.0079193115,-0.004714966,246.482,-3.8235662,42.55999
41,134093258825343,-0.030881882,0.043708533,0.052847385,0.006713867,-0.0075531006,-0.0054779053,246.49437,-3.8298702,42.559017
42,134093263860744,0.0139575,-0.0019312203,0.012553692,0.007003784,-0.008224487,-0.005859375,246.5036,-3.833352,42.56134
43,134093268896144,-0.01947546,0.009461224,0.024528027,0.0063323975,-0.008224487,-0.0065460205,246.51294,-3.8375688,42.561974
44,134093273931545,-0.007817268,0.042002648,-0.05090332,0.006729126,-0.009048462,-0.006134033,246.54855,-3.8444085,42.565876
45,134093278966945,-0.031746387,0.0152673125,-0.10202694,0.006225586,-0.010757446,-0.005859375,246.56403,-3.8496158,42.57137
46,134093284002345,-0.03184986,-0.008825123,-0.10789776,0.004562378,-0.011810303,-0.0069122314,246.5751,-3.852687,42.576946
47,134093289037746,-0.029604912,-0.020871937,-0.11135006,0.003967285,-0.011642456,-0.0063171387,246.58401,-3.854601,42.58286
48,134093294073146,-0.04853344,-0.053919673,-0.06765509,0.0011749268,-0.009048462,-0.00440979,246.61676,-3.8527923,42.58589
49,134093299108547,-0.034129143,-0.053535074,-0.04805374,-0.001876831,-0.0053710938,-0.00440979,246.61234,-3.84994,42.58774
50,134093304143947,-0.0055561066,-0.03176549,-0.0192976,-0.0048065186,-0.0015258789,-0.003036499,246.60733,-3.8472052,42.588585
51,134093309179347,-0.014857769,-0.057287514,-0.016875744,-0.005859375,0.002029419,-0.0012054443,246.59549,-3.8417919,42.58795
52,134093314214748,-0.061781406,-0.037791103,0.0043492317,-0.0052337646,0.005004883,-7.7819824E-4,246.65277,-3.8379633,42.584213
53,134093319250148,-0.035145283,-0.03737098,0.058455467,-0.0023345947,0.004699707,8.239746E-4,246.64108,-3.83416,42.579685
54,134093324285549,6.914139E-4,-0.025226772,0.038957596,3.0517578E-4,0.0039978027,0.0015258789,246.63443,-3.8319175,42.57731
55,134093329320949,-0.015683174,-0.04162079,-0.0016336441,0.003540039,0.0045928955,0.0014343262,246.62823,-3.8296459,42.57559
56,134093334356349,-0.008356571,-0.020150483,0.033691406,0.0062561035,0.0035858154,0.0030059814,246.69151,-3.8290536,42.573215
57,134093339391750,0.022482395,-0.022514462,0.059313297,0.007873535,0.002456665,0.0036621094,246.68909,-3.8286095,42.571392
58,134093344427150,0.015305042,0.027015895,0.12248659,0.008926392,0.0029144287,0.0021362305,246.69199,-3.8317635,42.566948
59,134093349462551,-0.022453785,0.021770626,0.06470728,0.009536743,0.004043579,9.3078613E-4,246.69604,-3.8353777,42.562695
60,134093354497951,-0.010290623,0.030770868,0.097074986,0.008468628,0.0051116943,9.3078613E-4,246.70197,-3.8391314,42.557472
61,134093359533351,0.004151821,0.02554959,0.041812897,0.00793457,0.0056610107,9.3078613E-4,246.70685,-3.8426232,42.554535
62,134093364568752,0.006631851,0.013271689,0.01301384,0.009017944,0.004547119,0.0014953613,246.71178,-3.845579,42.553032
63,134093369604152,0.04685116,0.0034705102,0.00334692,0.009002686,0.004043579,0.002532959,246.71677,-3.8477936,42.55346
64,134093374639552,0.07017374,0.008001685,0.043361664,0.0074157715,0.003540039,0.0025482178,246.79039,-3.8494277,42.55369
65,134093379674953,0.041325092,7.7205896E-4,0.10432482,0.0040283203,0.001876831,0.0019989014,246.78873,-3.8496401,42.551155
66,134093384710353,0.04808569,0.010252684,0.06330395,0.0014801025,8.087158E-4,0.0031585693,246.7883,-3.849667,42.55057
67,134093389745754,0.06183338,-0.008600175,0.09347153,-1.8310547E-4,-2.746582E-4,0.0035552979,246.78354,-3.8476815,42.549835
68,134093394781154,0.0045809746,0.010515749,0.10456419,-0.0035247803,-0.002532959,0.0012969971,246.84912,-3.8466394,42.547104
69,134093399816554,0.020841599,-0.020043343,0.16998339,-0.0059814453,-0.0061950684,-1.373291E-4,246.83849,-3.8427992,42.54397
70,134093404851955,0.025109291,0.055831105,0.074392796,-0.005355835,-0.008804321,-1.373291E-4,246.84364,-3.84503,42.54455
71,134093409887355,0.010382175,0.010609329,-0.0014438629,-0.0037384033,-0.010528564,-0.0013580322,246.84671,-3.8451698,42.54791
72,134093414922756,3.9339066E-4,0.045988888,-0.10251713,-0.00390625,-0.013931274,-0.0022735596,246.89047,-3.8485503,42.555138
73,134093419958156,-0.04267168,0.012583911,-0.09169817,-0.0037231445,-0.016967773,-0.0035247803,246.8985,-3.849922,42.561394
74,134093424993556,-0.024038792,0.040833145,-0.12578773,-0.004562378,-0.017837524,-0.003768921,246.91264,-3.8533978,42.569736
75,134093430028957,-0.03147745,0.054764092,-0.07702494,-0.0060272217,-0.014862061,-0.0033416748,246.92493,-3.8569157,42.575687
76,134093435064357,-0.07868147,0.052056372,0.018265247,-0.0064849854,-0.007583618,-0.0033416748,246.9407,-3.8596437,42.57411
77,134093440099758,-0.052060604,0.025811613,-0.010224342,-0.0078125,6.4086914E-4,-0.0033416748,246.94046,-3.8601842,42.57245
78,134093445135158,-0.058509827,-0.0025060475,0.0014648438,-0.008621216,0.0061950684,-0.0019989014,246.93279,-3.8580406,42.56856
79,134093450170558,-0.017510891,-0.002244413,0.008165836,-0.007949829,0.011856079,-0.0012054443,246.92441,-3.855651,42.56446
80,134093455205959,-0.04512787,0.03334704,-0.053807735,-0.004135132,0.016937256,1.6784668E-4,246.93518,-3.8565395,42.559856
81,134093460241359,-0.029922962,0.009518594,-0.032731533,-3.0517578E-4,0.017837524,9.3078613E-4,246.93066,-3.856552,42.55432
82,134093465276759,0.025102615,-5.8084726E-5,-0.044703484,0.0029754639,0.01473999,9.3078613E-4,246.93027,-3.8569682,42.55278
83,134093470312160,0.04651642,-0.07340601,0.0143466,0.00630188,0.010314941,9.3078613E-4,246.9207,-3.8530757,42.551067
84,134093475347560,-0.031519413,-0.037629753,0.05650425,0.0074005127,0.006729126,2.2888184E-4,246.94437,-3.8521144,42.54597
85,134093480382961,-0.052306652,0.007204056,0.0818429,0.009552002,0.0056610107,-8.544922E-4,246.94489,-3.854871,42.53957
86,134093485418361,0.0049619675,-0.031029463,0.066860676,0.010604858,0.004928589,-0.0012054443,246.94373,-3.8556983,42.53605
87,134093490453761,-0.037452698,-0.059538126,0.15120745,0.009918213,0.0025634766,-0.001876831,246.9351,-3.8544946,42.528637
88,134093495489162,-0.01355505,-0.054688007,0.112223625,0.010238647,-0.0014648438,-0.0015563965,246.94516,-3.853266,42.524582
89,134093500524562,-0.013540268,-0.06874737,0.14917326,0.009094238,-0.0028839111,-4.4250488E-4,246.93619,-3.8508127,42.51993
90,134093505559963,-0.041873932,0.004704118,0.14334154,0.009979248,-0.0036468506,0.0013885498,246.93628,-3.8530095,42.51444
91,134093510595363,0.029149055,-0.0050448477,0.021909237,0.00982666,-0.0039520264,0.0027770996,246.9414,-3.8548543,42.51597
92,134093515630763,0.047573566,-0.007577151,0.121085644,0.008758545,-0.0070648193,0.0030670166,246.95831,-3.8556588,42.51543
93,134093520666164,0.075110435,-0.042996883,0.14641237,0.0048217773,-0.011138916,0.0045318604,246.95337,-3.852845,42.516586
94,134093527013820,0.026794434,0.056609154,0.07717228,8.239746E-4,-0.015563965,0.005203247,246.96129,-3.8557537,42.5188
95,134093530736965,0.023583889,0.02088067,0.053491116,-7.6293945E-5,-0.018371582,0.00440979,246.96527,-3.8560104,42.52299
96,134093535772365,0.07460785,0.051492482,0.044252396,7.171631E-4,-0.021331787,0.0033416748,246.96085,-3.8588946,42.530052
97,134093540807765,0.056672573,0.05346808,0.025723934,0.002609253,-0.02293396,0.0038909912,246.97469,-3.8624947,42.537712
98,134093545843166,0.071950436,0.04830566,0.07107353,0.004760742,-0.02154541,0.0049591064,246.98712,-3.8658538,42.544266
99,134093550878566,0.0281291,0.07143414,0.01214695,0.00680542,-0.018737793,0.0044403076,247.00473,-3.8717074,42.550804
100,134093555913967,0.022616863,0.06829989,0.007849693,0.009033203,-0.017028809,0.0025024414,247.06927,-3.8781397,42.555836
101,134093560949367,-0.01358223,0.06272638,-0.02232933,0.010375977,-0.017623901,0.0019989014,247.0883,-3.8852286,42.56094
102,134093565984767,-0.016469002,5.2699447E-4,-2.8944016E-4,0.010604858,-0.018692017,0.0019989014,247.09818,-3.8881073,42.565628
103,134093571020168,0.008942127,0.035576075,-0.027952671,0.011459351,-0.020629883,2.89917E-4,247.11615,-3.893993,42.572567
104,134093576055568,-0.053243637,0.004137069,-0.064780235,0.011672974,-0.02192688,-0.002746582,247.17699,-3.8987436,42.578888
105,134093581090968,0.0030574799,-0.03655696,-0.013900757,0.010848999,-0.02130127,-0.0033416748,247.18784,-3.9011075,42.586155
106,134093586126369,-0.06363869,-0.043750018,-0.0533576,0.007980347,-0.016693115,-0.0050811768,247.19342,-3.9021008,42.59047
107,134093591161769,-0.07772589,-0.013088644,-0.0666337,0.003829956,-0.012145996,-0.007247925,247.20204,-3.9049866,42.593628
108,134093596197170,-0.07030201,-0.055729598,-0.056339264,-4.7302246E-4,-0.007843018,-0.006713867,247.23346,-3.9037304,42.595585
109,134093601232570,-0.046289444,-0.043542206,-0.02265358,-0.0038909912,-0.004425049,-0.004714966,247.22946,-3.9015934,42.59621
110,134093606267970,-0.012926102,-0.04787156,-0.010600567,-0.0061950684,-0.0012054443,-0.0053253174,247.22269,-3.898137,42.59678
111,134093611303371,-0.04110241,-0.014335215,0.001244545,-0.0064849854,0.0018157959,-0.003753662,247.21745,-3.896374,42.59487
112,134093616338771,-0.021725178,-0.044797927,-0.039041996,-0.0046539307,0.006134033,-0.0014953613,247.2392,-3.89252,42.594257
113,134093621374172,-0.037723064,-0.044350505,-0.04848337,-0.0024871826,0.01234436,-0.0012054443,247.22955,-3.8888943,42.591743
114,134093626409572,-0.013334274,-0.034449518,-0.017831326,-0.0031738281,0.014083862,7.019043E-4,247.2197,-3.885618,42.588043
115,134093631444972,0.020328522,-0.022201806,0.045577526,-0.0023345947,0.015151978,0.0028533936,247.20876,-3.8823028,42.583115
116,134093636480373,0.032481194,-0.012457758,0.106087685,0.0016326904,0.015274048,0.004043579,247.22812,-3.87971,42.576427
117,134093641515773,0.013839722,-0.021754622,0.040994644,0.004760742,0.013458252,0.0059509277,247.2192,-3.8774107,42.57133
118,134093646551174,0.025881767,-0.038165063,-0.023403645,0.009155273,0.01020813,0.0053100586,247.21384,-3.875273,42.57025
119,134093651586574,0.040084362,-0.019092977,0.021416187,0.009536743,0.0059661865,0.0071868896,247.2118,-3.8748085,42.568954
120,134093656621974,0.07286787,-0.0025231242,-0.01658678,0.009536743,-3.2043457E-4,0.0063476563,247.19057,-3.8756125,42.571682
121,134093661962551,0.050921917,0.03512019,0.056826115,0.009536743,-0.003768921,0.005279541,247.19827,-3.8790278,42.572342
122,134093666692775,0.031451702,0.055859804,0.07540226,0.009536743,-0.0049743652,0.002166748,247.20932,-3.8843775,42.57215
123,134093671728176,0.04754305,0.074014515,0.162292,0.0076293945,-0.0040740967,0.0010528564,247.22116,-3.8910007,42.56962
124,134093676763576,0.03053093,0.059028804,0.13979626,0.006362915,-0.0019073486,-9.1552734E-5,247.2496,-3.8961618,42.566597
125,134093681798976,-0.007516384,0.08426416,0.11034536,0.0063323975,2.4414063E-4,-0.001159668,247.2616,-3.9034417,42.562542
126,134093686834377,-0.026304722,0.040780514,0.026796818,0.007369995,0.0013580322,-0.002243042,247.27042,-3.9085295,42.560272
127,134093691869777,0.0022745132,-0.004665196,0.014757633,0.0042419434,3.3569336E-4,-0.0012207031,247.27345,-3.910241,42.55958
128,134093696905177,0.01638031,-0.0024267435,0.18464279,0.0010070801,-0.0028686523,-0.003326416,247.29013,-3.9105632,42.554203
129,134093701940578,-0.012293816,-0.012027293,0.026539803,-9.1552734E-5,0.002456665,-0.0054779053,247.28741,-3.910655,42.5506
130,134093711950343,0.0044498444,-0.026242346,-0.04695654,-0.002243042,0.0035095215,-0.0065460205,247.2873,-3.91027,42.551456
131,134093716955226,-1.8835068E-4,0.030517936,-0.020702362,-0.0043792725,0.0023345947,-0.0076293945,247.28998,-3.9133303,42.551094
132,134093721960109,0.002167225,0.023092061,0.057381153,-0.0054779053,-0.0040130615,-0.008651733,247.29282,-3.9154007,42.549213
133,134093726934474,-0.021609783,0.0039806664,0.09717703,-0.0075531006,-0.006134033,-0.007537842,247.29086,-3.9155803,42.54634
134,134093732152980,-0.031102657,-7.1647763E-4,0.03992319,-0.0075531006,-0.0071258545,-0.0055389404,247.28912,-3.9149904,42.545715
135,134093736944240,-0.012192249,-0.024270266,0.042162895,-0.0053253174,-0.008132935,-0.0055236816,247.28726,-3.9128683,42.54581
136,134093741949123,-0.05717516,-0.04063332,0.00426054,-0.0032348633,-0.006149292,-0.00642395,247.28209,-3.9105153,42.54555
137,134093746954006,-0.05455494,-0.0049660206,-0.0120949745,-0.0023498535,-0.007293701,-0.004333496,247.28326,-3.9110022,42.54572
138,134093751958888,-0.066179276,-0.05450666,-0.040067673,-0.004348755,-0.009521484,-0.0032653809,247.27731,-3.9076715,42.54703
139,134093756933254,0.0048208237,-0.06815618,-0.025237083,-0.004272461,-0.012741089,-0.002105713,247.27246,-3.9027958,42.551273
140,134093762334865,0.037305832,0.008049935,0.06278849,-0.0032806396,-0.015701294,-1.2207031E-4,247.27469,-3.9024868,42.55483
141,134093766943019,-0.0012583733,-0.02260685,0.032018185,-0.0010528564,-0.01473999,0.0019989014,247.27231,-3.9002254,42.55775
142,134093771947902,0.007665634,-0.06246397,-0.0055365562,2.2888184E-4,-0.015609741,0.002105713,247.26653,-3.895533,42.56275
143,134093776952785,-0.0023703575,-0.014705151,-0.035691738,0.0034484863,-0.014526367,0.002960205,247.28387,-3.8947325,42.568306
144,134093781927150,-0.012478828,0.12907544,-0.06502867,0.0063323975,-0.013702393,0.0022583008,247.29091,-3.896847,42.571537
145,134093786932033,0.086251736,0.026461333,-0.14190769,0.006088257,-0.014404297,0.004257202,247.31729,-3.9072843,42.577087
146,134093792333644,2.7751923E-4,-0.05156964,0.005877018,0.003967285,-0.012054443,0.005203247,247.33359,-3.9103346,42.58939
147,134093797002834,-0.006896496,-0.025078297,0.07908201,1.8310547E-4,-0.0035705566,0.0049438477,247.35556,-3.906178,42.591614
148,134093801946681,0.037828445,-0.05796805,0.19662523,0.0029449463,-0.001953125,0.0033721924,247.34784,-3.9033294,42.589447
149,134093806951564,0.015827656,0.003689438,0.020727634,0.009094238,-0.010238647,0.005203247,247.3357,-3.8989358,42.58578
150,134093811925929,0.031666756,0.0057831407,-0.16068316,0.01222229,-0.015701294,0.0050354004,247.3428,-3.9009795,42.58931
151,134093816930812,-0.044707775,-0.036828965,-0.2555976,0.008377075,-0.015548706,0.004135132,247.38704,-3.90438,42.600563
152,134093822301906,-0.0495162,-0.08824417,-0.17044306,9.3078613E-4,-0.014526367,0.0040283203,247.39572,-3.903958,42.612476
153,134093826940578,-0.049431324,-0.110608906,-0.008239746,-0.0099487305,-0.012054443,0.0028839111,247.38791,-3.897167,42.620476
154,134093831945461,-0.046616554,-0.042940915,0.06728315,-0.016494751,-0.002670288,0.0019989014,247.36472,-3.885553,42.621883
155,134093836919826,-0.034033775,-0.05609262,0.063957214,-0.017623901,0.009246826,0.0022125244,247.3292,-3.8768463,42.61758
156,134093841924709,-0.061520576,-0.0645442,0.10300636,-0.013961792,0.015701294,0.0030670166,247.30338,-3.8670504,42.610996
157,134093846929592,-0.050988674,-0.047098845,0.1369996,-0.008865356,0.016784668,0.0030670166,247.25055,-3.8501303,42.589424
158,134093856908840,-0.04546976,-0.0110574365,0.09300947,-0.004776001,0.013549805,0.0035552979,247.23523,-3.8467472,42.58147
159,134093861913722,0.009473801,-0.0036830604,0.082529545,-4.272461E-4,0.00920105,0.006515503,247.2263,-3.844306,42.57675
160,134093863073390,0.018977642,0.034203857,0.051020622,0.0032958984,0.0057373047,0.007598877,247.22723,-3.8456292,42.574474
161,134093868108791,0.011767864,0.03153518,-0.015525341,0.0076446533,0.0019378662,0.008163452,247.23282,-3.8480446,42.575127
162,134093873144191,0.03986025,0.05961156,-0.088449,0.00793457,-0.0015258789,0.007873535,247.24252,-3.8525252,42.580643
163,134093878179592,0.008450031,-0.006793052,-0.07320213,0.0053100586,-0.00843811,0.009735107,247.24432,-3.851046,42.586716
164,134093883214992,0.019745827,-0.004064679,0.02929306,0.0012054443,-0.012710571,0.010543823,247.24124,-3.848265,42.59008
165,134093888250392,0.0073041916,0.0011575222,0.07194567,-0.0030822754,-0.013290405,0.010543823,247.2345,-3.8443787,42.591824
166,134093893285793,0.018594265,0.008768827,0.12129974,-0.006011963,-0.012496948,0.010253906,247.2395,-3.8401754,42.59208
167,134093898321193,0.018008232,0.00918892,0.12301588,-0.007247925,-0.012191772,0.008560181,247.23155,-3.8363662,42.592094
168,134093903356593,0.026874065,-0.03298968,0.058624268,-0.0061798096,-0.011749268,0.0059661865,247.22205,-3.8308241,42.594704
169,134093908391994,-0.028178215,0.038421094,0.006676197,-0.0045318604,-0.013397217,0.005203247,247.225,-3.8310595,42.597763
170,134093913427394,0.011660576,0.03357199,-0.02359581,-0.0022125244,-0.015975952,0.0046691895,247.26428,-3.832155,42.603283
171,134093918462795,0.00391531,0.054713488,-0.020528316,-0.0025634766,-0.016433716,0.0027313232,247.27426,-3.8348396,42.608704
172,134093926885646,0.022241592,0.07573882,0.02968359,-0.0050201416,-0.015365601,0.0013122559,247.28458,-3.8382277,42.612698
173,134093931890529,0.01448822,0.035290986,0.020421982,-0.008987427,-0.014282227,-1.373291E-4,247.2876,-3.8382173,42.61649
174,134093936895412,-0.052177906,-0.021344513,0.020646095,-0.009338379,-0.013214111,-1.373291E-4,247.31284,-3.8342957,42.61761
175,134093938604396,-0.07347441,-0.037359536,0.0869956,-0.008285522,-0.0128479,5.493164E-4,247.30008,-3.8288198,42.615993
176,134093943639797,-0.118153095,-0.09097937,0.006392956,-0.007873535,-0.0135650635,0.002960205,247.28046,-3.8197508,42.615208
177,134093948675197,-0.023177624,-0.115602374,-0.104249954,-0.009780884,-0.012420654,0.0067443848,247.26038,-3.8076236,42.62174
178,134093953710597,-0.020986557,-0.054788947,-0.10310459,-0.014175415,-0.009979248,0.0098724365,247.25867,-3.7975545,42.627613
179,134093958745998,0.05919218,0.019917488,-0.090280056,-0.019836426,-0.00730896,0.011352539,247.24997,-3.7905474,42.634995
180,134093963781398,0.115228176,-0.005038172,-0.013953209,-0.023330688,-0.0031433105,0.011871338,247.2338,-3.7805557,42.64082
181,134093968816799,0.0764122,0.062286973,0.031016827,-0.024261475,-0.0018157959,0.009002686,247.22386,-3.7748842,42.6432
182,134093973852199,0.1110158,0.050750434,0.04502678,-0.021377563,-0.0040283203,0.0051727295,247.22975,-3.7717402,42.647087
183,134093978887599,0.11679602,0.03433439,0.06385088,-0.015029907,-0.010375977,0.0013580322,247.22949,-3.769598,42.65231
184,134093983923000,0.058690548,0.055502176,0.068470955,-0.009216309,-0.014007568,-0.0025024414,247.2367,-3.7716186,42.65601
185,134093991888088,-0.010745525,-0.046542525,0.08724499,-0.0036468506,-0.014633179,-0.0057373047,247.23169,-3.768921,42.6568
186,134093993993801,-0.06777525,-0.06527728,-0.052309036,-7.019043E-4,-0.014190674,-0.008056641,247.23575,-3.7668712,42.660065
187,134093999029201,-0.12200737,-0.16421273,-0.07263327,3.5095215E-4,-0.014007568,-0.009109497,247.22116,-3.7589285,42.662548
188,134094004064601,-0.11906338,-0.19382223,0.020450115,0.0014038086,-0.014221191,-0.008483887,247.19763,-3.7481089,42.66141
189,134094009100002,-0.11373186,-0.09804985,0.051335335,0.002532959,-0.011657715,-0.005584717,247.18588,-3.7435012,42.658783
190,134094014135402,-0.053976536,-0.07380912,-0.045674324,0.0031280518,-0.006362915,-0.0024414063,247.20679,-3.740231,42.6602
191,134094019170802,-0.022889137,-0.028333336,-0.1302309,0.0016326904,-0.0014038086,0.0018463135,247.20709,-3.7387993,42.66428
192,134094024206203,0.02452898,0.019353062,-0.119736195,-0.0016021729,8.239746E-4,0.0056610107,247.21074,-3.7386718,42.669125
193,134094029241603,0.09279585,0.07152146,-0.040880203,-0.003768921,9.0026855E-4,0.0073394775,247.2182,-3.740475,42.67371
194,134094034277004,0.073135376,0.033495277,-0.016952991,-0.004348755,3.2043457E-4,0.006881714,247.24756,-3.7400484,42.67698
195,134094039312404,0.04423666,0.03821689,0.058674812,-0.0033111572,0.0013580322,0.0052337646,247.24701,-3.7400823,42.67623
196,134094044347804,0.0061588287,0.030936152,0.022715569,-6.4086914E-4,0.0019226074,0.0030822754,247.24823,-3.7410903,42.675114
197,134094049383205,0.013141632,-0.028341472,0.048537254,0.0015258789,-0.0012817383,0.0014648438,247.24327,-3.7389944,42.6744
198,134094054418605,-0.03909397,-0.023390561,-0.036667824,0.0015106201,-0.005584717,0.0014801025,247.2681,-3.737695,42.67586
199,134094062231105,-0.03193569,-0.032565653,-0.033777237,-5.645752E-4,-0.006652832,0.0014953613,247.26443,-3.735129,42.677963
200,134094064489406,0.017652988,0.024558365,0.018653393,-0.0048217773,-0.007659912,0.0014648438,247.2662,-3.7351973,42.67999
201,134094069524806,-0.02767086,0.06724104,-0.02371645,-0.009262085,-0.009292603,0.0025787354,247.27144,-3.7368023,42.68233
202,134094074560207,-0.004107952,0.057775974,-0.07523489,-0.011917114,-0.0075683594,0.0042266846,247.29489,-3.7367907,42.686893
203,134094079595607,0.019238949,0.043782234,-0.024808884,-0.01524353,-0.00843811,0.004043579,247.29358,-3.734658,42.690792
204,134094084631008,0.05167198,-0.05739546,0.037148,-0.01776123,-0.013336182,0.0024871826,247.2771,-3.7250235,42.69535
205,134094089666408,-0.024938583,-0.02314365,0.0775156,-0.018798828,-0.01737976,8.8500977E-4,247.26254,-3.717362,42.69714
206,134094094701808,-0.048953056,-0.027146965,0.13169956,-0.01701355,-0.019485474,-7.019043E-4,247.25317,-3.7108402,42.695965
207,134094099737209,-0.023221016,-0.054870546,0.079239845,-0.011993408,-0.018157959,-0.0018005371,247.24014,-3.703885,42.697823
208,134094104772609,-0.042349815,-0.058897942,0.08369112,-0.008468628,-0.012451172,-0.0016479492,247.22667,-3.6977022,42.697136
209,134094109808009,-0.05163002,-0.046384573,0.061911583,-0.0069274902,-0.0048828125,-5.645752E-4,247.21387,-3.692488,42.694763
210,134094116857570,0.024367332,0.0061347187,0.028308392,-0.005859375,0.001373291,-1.373291E-4,247.21494,-3.6911044,42.694443
211,134094122228664,0.050282955,-0.017324746,-0.0051283836,-0.0060272217,0.004119873,-7.324219E-4,247.20956,-3.6882176,42.69527
212,134094126836818,-0.008986473,-0.012257576,-0.007610321,-0.0064849854,0.005203247,4.5776367E-5,247.20308,-3.6856482,42.69387
213,134094131841701,0.029049397,0.0471476,-0.017185688,-0.007156372,0.0056610107,0.0016021729,247.20477,-3.6864755,42.693848
214,134094134985011,0.026582718,0.011689603,0.03238201,-0.008224487,0.0036468506,0.0019989014,247.21915,-3.684219,42.692577
215,134094140020412,4.386902E-4,-0.051745147,0.022604465,-0.009979248,0.0010986328,0.0019989014,247.20374,-3.677231,42.691566
216,134094145055812,-0.027958393,-0.0060499907,0.036614895,-0.010070801,-0.0024414063,0.0019989014,247.194,-3.6732407,42.68984
217,134094150091213,-0.0065956116,-0.05042404,0.03166771,-0.008407593,-0.002670288,0.0032958984,247.17896,-3.6661434,42.68957
218,134094155126613,-0.03955221,-0.023692697,0.03134823,-0.0075531006,0.0022125244,0.0034637451,247.17886,-3.6614804,42.686764
219,134094160162013,0.034235,-0.027895272,-0.016404152,-0.006134033,0.009552002,0.0030670166,247.1688,-3.6568255,42.686337
220,134094165197414,0.034379482,-0.051038235,0.02817154,-0.0039978027,0.012771606,0.0023651123,247.1542,-3.651057,42.6832
221,134094170232814,0.041535854,-0.010431856,0.048846245,-3.9672852E-4,0.009521484,-1.6784668E-4,247.14848,-3.649518,42.680107
222,134094175268215,0.06257725,0.003709495,0.012907505,0.002456665,0.0026550293,-0.0012054443,247.16258,-3.6505535,42.680817
223,134094180303615,0.04547167,-0.039084524,-0.015452862,0.0051879883,-0.0024414063,-0.0032653809,247.16415,-3.6502259,42.683636
224,134094185339015,7.6293945E-5,-0.032041132,-0.04583502,0.0070495605,-0.0061187744,-0.005126953,247.16888,-3.651321,42.686657
225,134094191839259,-0.03790903,-0.02512163,-0.021621704,0.0066375732,-0.0064086914,-0.006225586,247.17409,-3.6533568,42.687828
226,134094196844142,-0.051898956,-0.05121559,-0.047255993,0.0032806396,-0.0038146973,-0.005783081,247.1689,-3.652904,42.6888
227,134094201818508,-0.030256271,-0.024978817,0.059404373,-2.746582E-4,-5.645752E-4,-0.003921509,247.1652,-3.6522326,42.685974
228,134094206823390,0.029082298,-0.012999833,0.0021915436,-0.0019378662,0.0026550293,-0.0025482178,247.16414,-3.6515553,42.686405
229,134094212225002,0.0031051636,-0.0033717453,0.06805086,-0.0022125244,0.007171631,6.5612793E-4,247.15811,-3.6502674,42.68228
230,134094216833156,0.055324554,0.013293624,0.10967922,-0.0022125244,0.010406494,0.0012359619,247.17505,-3.6496036,42.677963
231,134094221838039,0.036284924,0.013198346,0.075436115,9.918213E-4,0.007797241,1.373291E-4,247.17264,-3.6499064,42.674168
232,134094225622218,0.021922588,0.08615476,0.025148869,0.0036773682,0.0010375977,-1.373291E-4,247.18576,-3.656603,42.673084
233,134094231817287,-0.0067954063,0.014436305,0.05583191,0.005004883,-0.008956909,-9.460449E-4,247.19034,-3.6589863,42.67261
234,134094235693019,-0.0048623085,0.044765115,0.08179617,0.006088257,-0.015579224,-0.0012054443,247.22154,-3.6639235,42.67354
235,134094240728420,-0.02434349,-7.7202916E-4,-0.02214098,0.007095337,-0.017547607,-0.0019683838,247.23187,-3.6668892,42.678673
236,134094246831935,-0.027048588,-0.01764229,-0.045034885,0.0082092285,-0.017028809,-0.00390625,247.24054,-3.6690695,42.683784
237,134094250799220,-0.0037837029,-0.06985858,7.4100494E-4,0.008468628,-0.01676941,-0.00440979,247.24231,-3.6681125,42.688457
238,134094256811183,-0.027909756,-0.07209098,-0.015250206,0.010177612,-0.015914917,-0.003540039,247.27792,-3.6672516,42.69268
239,134094260870021,0.0095767975,-0.024751127,-0.045304775,0.009735107,-0.014846802,-0.004196167,247.28851,-3.6699157,42.69891
240,134094265905422,-0.019251347,-0.04148382,0.016863346,0.0069122314,-0.011154175,-0.00440979,247.29185,-3.6706405,42.701202
241,134094270940822,-0.021744728,0.041057765,-0.018387794,0.0071411133,-0.007095337,-0.005218506,247.30733,-3.6772132,42.70336
242,134094275976222,0.011269093,0.045042723,-0.03217411,0.006515503,-0.007843018,-0.0063476563,247.33357,-3.683842,42.70657
243,134094281011623,0.0013899803,0.025337785,-0.07877207,0.007217407,-0.0118255615,-0.0065460205,247.35048,-3.6898067,42.712116
244,134094286047023,-0.036862373,0.029420912,-0.009196281,0.005584717,-0.015213013,-0.0065460205,247.36493,-3.69566,42.714905
245,134094291082424,-0.004091263,0.061869293,0.007966995,0.004348755,-0.018447876,-0.005630493,247.38396,-3.7031236,42.719185
246,134094296117824,0.018686295,0.07757631,-0.10458946,0.004196167,-0.029937744,-0.004547119,247.4208,-3.7118804,42.73045
247,134094301153224,-0.032242775,-0.0012331605,-0.04829693,0.0016021729,-0.033447266,-0.005264282,247.43524,-3.7148125,42.740883
248,134094306188625,-0.16034079,0.0080934465,0.09221554,-0.0018005371,-0.024597168,-0.004547119,247.4373,-3.716454,42.73916
249,134094311224025,0.093020916,-0.0037532747,-0.018987656,-0.0041046143,-0.010910034,-0.0015716553,247.44406,-3.7163599,42.74787
250,134094316259426,0.10380983,-0.11934844,0.012077808,-0.00340271,-0.005493164,-0.004043579,247.44211,-3.707852,42.753586
251,134094321294826,-0.0034217834,-0.1656661,-0.070504665,-0.001373291,-0.0040740967,-0.0063171387,247.42386,-3.6976461,42.757427
252,134094326330226,-0.020075798,-0.09358618,-0.03199482,-0.0030975342,-0.0059051514,-0.005569458,247.41437,-3.692375,42.759304
253,134094331365627,-0.090922356,-0.059710354,0.022742748,-0.0069122314,-0.0051879883,-0.0036621094,247.40298,-3.687843,42.756897
254,134094336401027,-0.05236435,-0.05667916,-0.069550514,-0.008529663,0.005706787,-0.0023651123,247.41354,-3.6827826,42.757195
255,134094341436427,0.007540703,-0.025243312,-0.081214905,-0.009613037,0.018600464,-2.89917E-4,247.40485,-3.6788728,42.756535
256,134094346471828,0.017719269,0.008468926,-0.027015686,-0.013687134,0.026519775,0.0028533936,247.39357,-3.6754029,42.75147
257,134094351507228,-0.016913414,-0.02877462,0.012444973,-0.013961792,0.027023315,0.0040740967,247.3711,-3.6679502,42.742805
258,134094356542629,0.010110378,-0.013762414,0.07046795,-0.013961792,0.027023315,0.004135132,247.37244,-3.6611695,42.73318
259,134094361578029,0.06527519,-0.003603369,0.13033342,-0.011123657,0.025115967,0.004135132,247.3513,-3.6548674,42.723213
260,134094366613429,0.030021667,-0.014962822,0.20883656,-0.008712769,0.019744873,0.003112793,247.3299,-3.6491432,42.711403
261,134094371648830,0.049178123,-0.007470548,0.07676792,-0.0034484863,0.011260986,0.0020446777,247.31851,-3.6456573,42.706295
262,134094376684230,-0.028937817,-0.021485656,0.09483099,8.8500977E-4,5.79834E-4,9.613037E-4,247.30746,-3.6429555,42.700417
263,134094381719631,-0.031230927,-0.042610228,0.16030216,0.0030975342,-0.010238647,-1.2207031E-4,247.29694,-3.6398835,42.69528
264,134094386755031,-0.043186665,-0.056550115,0.1381135,0.004180908,-0.013549805,-1.373291E-4,247.28796,-3.6366742,42.69248
265,134094392156642,-0.024425507,-0.086907685,0.11853504,0.003189087,-0.012573242,-1.373291E-4,247.2767,-3.6315792,42.691696
266,134094396795314,-0.03399706,-0.060306966,0.07065058,0.0031280518,-0.008224487,9.3078613E-4,247.28096,-3.6280153,42.69089
267,134094401769679,-0.012751102,-0.071720004,0.056167126,0.0030975342,-0.008224487,-0.0012054443,247.27245,-3.623905,42.690983
268,134094406835597,0.0012335777,-0.042926252,0.1338706,0.0020599365,-0.008239746,-0.0012054443,247.26591,-3.6215787,42.6889
269,134094411779445,0.005648136,-0.045056313,0.031534195,0.0030822754,-0.0093688965,-0.0012359619,247.26302,-3.6195352,42.690586
270,134094416784328,0.01941061,0.06612036,-0.043930054,0.0019378662,-0.011398315,-0.0023345947,247.29239,-3.6256528,42.6956
271,134094422002834,0.04481983,0.05127564,0.04415083,-0.0010681152,-0.010391235,-0.004348755,247.30469,-3.6302705,42.698925
272,134094426763576,0.02055502,0.07201818,-0.033845425,-0.0023345947,-0.008346558,-0.00440979,247.3203,-3.6361475,42.703068
273,134094431768459,0.008270264,0.035983115,0.02573967,-0.0042266846,-0.010696411,-0.004333496,247.32758,-3.6388915,42.70499
274,134094436773342,-0.025288105,-0.028062165,0.011770725,-0.0022125244,-0.015930176,-0.0032653809,247.34464,-3.6372097,42.707367
275,134094441778224,-0.058716774,4.8485398E-4,0.061792374,-0.0021362305,-0.019073486,-0.0021820068,247.34544,-3.6373727,42.707962
276,134094446752590,-0.05654955,-0.051449448,-0.07500458,-0.0013275146,-0.02104187,-0.0010223389,247.34438,-3.634469,42.71419
277,134094452154201,-0.042699337,-0.04858333,-0.13975716,-0.0033874512,-0.021011353,9.460449E-4,247.34598,-3.6314716,42.724
278,134094456762355,-0.031612873,-0.028213918,-0.10610008,-0.011703491,-0.017120361,0.002319336,247.3724,-3.6219952,42.739067
279,134094462286037,0.013241768,-0.060031086,-0.050747395,-0.02104187,-0.00970459,0.0053253174,247.35083,-3.6099186,42.743576
280,134094467321437,0.0083146095,-0.07720199,-0.07391882,-0.027252197,-0.0036010742,0.0063934326,247.32248,-3.594871,42.74739
281,134094472356838,0.0011210442,-0.058758467,0.018717766,-0.030807495,-7.4768066E-4,0.0074768066,247.32947,-3.5801375,42.74727
282,134094477392238,-0.0084376335,-0.06880617,0.011500359,-0.028289795,-0.0011291504,0.008407593,247.29785,-3.564866,42.747593
283,134094482427638,-0.0014448166,-0.062601894,0.037461758,-0.023269653,-0.0040283203,0.008407593,247.27298,-3.5528927,42.74771
284,134094487463039,-0.015804768,-0.07543817,0.046735287,-0.01763916,-0.0051727295,0.008270264,247.24771,-3.540892,42.747406
285,134094492498439,0.017132282,-0.034061044,0.09846544,-0.013183594,-0.0062561035,0.0073394775,247.21262,-3.5330846,42.74675
286,134094497533840,0.004907131,-0.002667725,0.055389404,-0.0077819824,-0.0073394775,0.007171631,247.20518,-3.5292826,42.747356
287,134094502569240,-0.02849722,0.0022785366,-0.029772282,-0.0022277832,-0.008407593,0.0062713623,247.20465,-3.5280287,42.74993
288,134094507604640,-0.026256561,-0.063854486,0.010936737,0.003967285,-0.009292603,0.0061035156,247.19745,-3.5239022,42.75168
289,134094512640041,-0.14915895,0.0143095255,0.15284014,0.009307861,-0.009780884,0.0049743652,247.20135,-3.5266247,42.743927
290,134094517675441,-0.023688793,-0.0052948296,-0.12612629,0.01776123,-0.01802063,0.0032806396,247.22165,-3.53221,42.754696
291,134094526739162,-0.02957344,-0.020163476,-0.08364105,0.025558472,-0.037902832,0.004135132,247.24437,-3.5380526,42.767803
292,134094527746242,-0.021062374,0.05023688,-0.06293392,0.023834229,-0.038330078,0.0043640137,247.27231,-3.5472062,42.778847
293,134094532781642,-0.078110695,0.028210402,-0.17516756,0.016113281,-0.02218628,0.004989624,247.29266,-3.5531988,42.786633
294,134094537817043,-0.04919243,0.0041775405,-0.24446249,0.011459351,-0.004180908,0.004348755,247.3045,-3.556164,42.79368
295,134094542852443,-0.0061249733,-0.019308716,-0.13400888,0.0044555664,0.004196167,0.0053863525,247.30249,-3.5540414,42.796703
296,134094547887843,0.02735567,-0.0020559728,0.010711193,-0.0074005127,0.009521484,0.0067749023,247.28986,-3.548942,42.79419
297,134094552923244,0.025387287,-0.024820298,0.07609224,-0.01524353,0.016784668,0.008163452,247.26904,-3.5397463,42.78742
298,134094557958644,0.02350998,-0.052023053,0.13377285,-0.019577026,0.021148682,0.0073394775,247.23625,-3.5276225,42.778034
299,134094562994045,0.04038477,-0.07433608,0.16042757,-0.019836426,0.017929077,0.00680542,247.20197,-3.5143962,42.76964
300,134094568029445,0.0356493,-0.091899425,0.15639162,-0.016937256,0.011047363,0.004425049,247.16965,-3.501405,42.76312
301,134094573064845,0.03301668,-0.062440693,0.13616133,-0.011810303,0.0030517578,0.0017852783,247.18845,-3.4934587,42.759598
302,134094578100246,0.04201269,-0.021681577,0.19183493,-0.005508423,-0.004058838,6.1035156E-5,247.17905,-3.4903224,42.756042
303,134094583135646,0.0059928894,-0.040494055,0.08190203,8.087158E-4,-0.007461548,-0.0019683838,247.17438,-3.4882114,42.755707
304,134094588171047,0.02700138,0.006818533,0.055441856,0.004348755,-0.0066986084,-0.0015106201,247.17966,-3.4904933,42.756344
305,134094593206447,0.010358334,-0.02663523,0.09503412,0.008346558,6.2561035E-4,-0.0016326904,247.21234,-3.4911118,42.752647
306,134094598241847,0.015464306,0.0014753342,0.0371809,0.010894775,0.010971069,-4.272461E-4,247.21564,-3.4944768,42.748035
307,134094603277248,0.05838251,0.022286326,0.055266857,0.011672974,0.01687622,-0.0014648438,247.22159,-3.4990277,42.74365
308,134094608312648,0.044356346,-0.009026378,-0.009478092,0.0113220215,0.018127441,-0.0019226074,247.22484,-3.501809,42.74047
309,134094613348049,0.02564621,0.011945486,-0.045289993,0.009902954,0.016357422,-8.544922E-4,247.2303,-3.5054584,42.73845
310,134094618383449,-8.201599E-5,-0.007300943,-0.009906292,0.008468628,0.0134887695,5.79834E-4,247.23071,-3.5069695,42.735058
311,134094623418849,-0.0068593025,0.020879477,0.004070759,0.007369995,0.0098724365,0.0012817383,247.23459,-3.509969,42.7321
312,134094628454250,2.9420853E-4,0.0157682,-0.10691023,0.00491333,0.0021972656,-8.239746E-4,247.24438,-3.513297,42.735626
313,134094633489650,-0.004805088,0.015470833,0.0076441765,0.003540039,-0.009262085,-0.0022735596,247.29877,-3.515888,42.738266
314,134094638525051,-0.052808285,0.017614335,-0.0081682205,8.8500977E-4,-0.022827148,-0.0022735596,247.30786,-3.5182643,42.743446
315,134094646703761,-0.08412886,0.017543882,0.018854141,-0.0031433105,-0.030792236,-0.0018615723,247.31403,-3.5192635,42.748528
316,134094648595851,-0.053771973,0.03178212,-0.039376736,-0.00730896,-0.030761719,-0.0012054443,247.3224,-3.5202754,42.75636
317,134094653631252,-0.089532375,-0.029545784,-0.08081865,-0.009048462,-0.024124146,-3.6621094E-4,247.36542,-3.5163648,42.762493
318,134094658666652,-0.03263426,-0.021843314,-0.023052216,-0.010482788,-0.014968872,-2.4414063E-4,247.3595,-3.5120795,42.76627
319,134094663702052,-0.013685226,-0.023731917,0.008000851,-0.011062622,-0.007080078,-0.001876831,247.35199,-3.5080924,42.767254
320,134094668737453,-0.018426418,-0.05875814,-0.043885708,-0.0070343018,-0.004135132,-0.0012054443,247.3425,-3.5027463,42.76931
321,134094673772853,-0.0017724037,-0.037041903,-0.09070969,-0.0010528564,-0.0010986328,-0.0012054443,247.35333,-3.5007365,42.772633
322,134094678808254,-0.015850544,-0.07235846,-0.0026664734,0.0038604736,0.0018310547,-0.002105713,247.34589,-3.497526,42.7717
323,134094683843654,-0.025069237,-0.098103344,-0.028672218,0.0077056885,0.002456665,-0.0033416748,247.33817,-3.4940069,42.771194
324,134094688879054,0.008285522,-0.08841133,-0.061538696,0.01171875,0.002456665,-0.0033416748,247.33714,-3.4928331,42.772987
325,134094696661037,0.0012011528,-0.015103817,-0.011479378,0.016159058,0.0020141602,-0.00289917,247.36311,-3.4968462,42.772907
326,134094698949855,-0.012972832,-0.032305866,-0.06326723,0.02003479,-9.1552734E-5,-0.003250122,247.37436,-3.5015745,42.77467
327,134094703985256,0.015355587,0.028373927,-0.005929947,0.022842407,-0.0033111572,-0.0053863525,247.39658,-3.5116217,42.776268
328,134094709020656,-0.0038576126,0.041325867,-0.08117294,0.022918701,-0.006011963,-0.005554199,247.4237,-3.5230289,42.78049
329,134094714056056,0.010105133,0.004697114,-0.009410858,0.021835327,-0.007156372,-0.00440979,247.45786,-3.5307937,42.78312
330,134094719091457,0.023907185,0.053364486,-0.02082491,0.019836426,-0.0076446533,-0.003921509,247.48401,-3.5419016,42.78691
331,134094724126857,-0.021380901,0.026365936,0.0032114983,0.016143799,-0.007751465,-0.0028533936,247.49902,-3.5487182,42.787933
332,134094729162258,-0.047318935,-0.0050156415,0.026958942,0.011672974,-0.004486084,-0.0022735596,247.50531,-3.5522795,42.786495
333,134094734197658,-0.049270153,-0.0407286,0.07395315,0.007904053,3.3569336E-4,-0.0022735596,247.53912,-3.552028,42.782078
334,134094739233058,-0.029889107,-0.045293033,0.068547726,0.004119873,0.002456665,-0.001159668,247.53183,-3.550082,42.777985
335,134094744268459,-0.04132414,-0.04016286,0.058422565,-1.8310547E-4,0.0035705566,9.918213E-4,247.5213,-3.5467408,42.773537
336,134094749303859,-0.012389183,-0.046661526,0.0860033,-0.0043182373,0.007217407,0.002532959,247.50485,-3.5409577,42.768024
337,134094756658595,-0.0047945976,-0.019978493,0.061282158,-0.007019043,0.0131073,0.0036010742,247.51096,-3.5363889,42.76238
338,134094761632961,0.026520729,-0.052470356,0.11921835,-0.0075531006,0.017501831,0.004135132,247.48874,-3.5287461,42.754498
339,134094764410060,0.04817581,-0.018645972,0.08929491,-0.0069732666,0.018478394,0.002960205,247.4736,-3.523958,42.748035
340,134094769445461,0.050676823,-0.037124872,0.15649271,-0.0052948,0.015472412,0.0019989014,247.45569,-3.5183978,42.740135
341,134094774480861,-0.006058693,-0.036766738,0.05809021,4.8828125E-4,0.009490967,0.0014038086,247.46503,-3.515051,42.735176
342,134094779516261,-0.0057959557,-0.084106445,-0.013380051,0.0110321045,0.005584717,-0.0013427734,247.45929,-3.512818,42.733833
343,134094784551662,-0.029231071,-0.070097744,-0.0510993,0.02229309,0.0034179688,-0.0056762695,247.4642,-3.515252,42.73363
344,134094789587062,-0.005261898,-0.042514056,0.100372314,0.031677246,0.0030822754,-0.008239746,247.47649,-3.5228655,42.729073
345,134094796636623,-0.012122154,-0.005935967,0.06878042,0.03643799,0.0047912598,-0.009307861,247.50241,-3.5349164,42.724804
346,134094799657863,-0.00227499,-3.7822127E-4,0.03261566,0.03794861,0.008895874,-0.00843811,247.52615,-3.5476818,42.721077
347,134094804693263,-0.0042209625,0.002797097,0.07928562,0.037704468,0.011001587,-0.0076141357,247.54745,-3.560219,42.71491
348,134094811986965,0.055171967,0.020052344,0.0406394,0.03730774,0.008514404,-0.006362915,247.57578,-3.5745995,42.712677
349,134094814764064,0.026560783,-0.0027389228,-0.047115326,0.03794861,0.0047912598,-0.0061187744,247.5959,-3.585995,42.71384
350,134094819799465,-0.006664753,0.052404165,-0.046667576,0.038375854,9.1552734E-5,-0.0065460205,247.6312,-3.6025229,42.71472
351,134094824834865,-0.0114712715,0.010415763,-0.034256935,0.034225464,-0.005279541,-0.0065460205,247.65941,-3.6152778,42.716614
352,134094829870265,-0.014025688,-0.033272028,-0.052518845,0.024993896,-0.009262085,-0.005844116,247.67767,-3.622588,42.720364
353,134094834905666,-0.09928942,-0.050204784,-0.046947956,0.0134887695,-0.012496948,-0.004760742,247.68042,-3.625228,42.7217
354,134094839941066,-0.10125923,-0.050115347,0.0010771751,0.0035552979,-0.011581421,-0.00440979,247.67928,-3.6247127,42.72161
355,134094844976467,-0.010968685,-0.08037883,-0.008140087,-0.0049438477,-0.007598877,-0.0037078857,247.66959,-3.6192768,42.723755
356,134094850011867,-0.053461075,-0.018146068,-0.06701231,-0.008285522,-0.0017242432,-0.002609253,247.66528,-3.6167874,42.724884
357,134094855047267,-0.050547123,-0.017788678,-0.068929195,-0.008621216,0.0040130615,-0.0030059814,247.66838,-3.6140935,42.7245
358,134094860082668,-0.028586864,0.0037582815,-1.8167496E-4,-0.0071258545,0.009399414,-0.0033416748,247.66318,-3.6129339,42.720985
359,134094865118068,-0.03262949,0.0061480105,0.04425907,-0.0034637451,0.013259888,-0.0025787354,247.65709,-3.6124463,42.71458
360,134094870153468,0.0130057335,0.0154260695,0.052865982,0.0013275146,0.0134887695,-0.0029754639,247.65582,-3.6139727,42.708965
361,134094875188869,-0.038746834,0.026818275,0.06161976,0.006866455,0.0071258545,-0.0033416748,247.6582,-3.6177595,42.702957
362,134094880224269,0.0017061234,0.030826807,0.039892197,0.011581421,-0.0024414063,-0.004119873,247.66974,-3.623772,42.701576
363,134094885259670,-9.4509125E-4,-7.3704123E-4,0.11539364,0.0158844,-0.009750366,-0.002822876,247.67831,-3.6285057,42.69988
364,134094890295070,-0.013240337,-0.0203121,0.02051735,0.018600464,-0.016204834,-0.0022735596,247.69022,-3.633049,42.702877
365,134094895330470,0.061746597,-0.023250997,0.042251587,0.019943237,-0.020263672,-0.0022735596,247.70122,-3.6377938,42.709263
366,134094900365871,-0.031570435,-0.040396065,0.02375269,0.020965576,-0.019546509,-7.6293945E-4,247.71347,-3.6420364,42.7135
367,134094905401271,0.013011456,-0.024266034,0.019371986,0.022872925,-0.015716553,-9.3078613E-4,247.72644,-3.6466079,42.717785
368,134094910436672,-0.015833855,-0.072122365,-0.103105545,0.023422241,-0.010498047,-0.0012054443,247.7373,-3.6493318,42.724297
369,134094915472072,-0.0041422844,-0.055839866,-0.02643156,0.023422241,-0.0059509277,-0.0012054443,247.73073,-3.652719,42.727184
370,134094920507472,-0.05377674,-0.077448666,-0.07328081,0.022567749,-0.0016479492,-0.0012054443,247.73593,-3.6546395,42.72867
371,134094925542873,-0.00842905,-0.044512123,0.047720432,0.020645142,0.0026550293,-3.5095215E-4,247.74039,-3.65762,42.726406
372,134094930578273,-0.029435158,-0.028273642,-0.05429554,0.01701355,0.005126953,6.713867E-4,247.74762,-3.6612852,42.725838
373,134094935613674,-0.02666998,-0.056760907,-0.02327919,0.012512207,0.0047912598,0.0018005371,247.74814,-3.6606853,42.724434
374,134094940649074,0.027942657,-0.051778972,0.047655106,0.0063934326,0.001953125,0.0028839111,247.74278,-3.6586225,42.72314
375,134094945684474,0.022993565,-0.018328726,0.018929958,0.0025939941,-3.9672852E-4,0.0030670166,247.74063,-3.6575098,42.72336
376,134094950719875,0.07226801,0.024377763,0.075520515,2.746582E-4,-0.0043182373,0.0030670166,247.7432,-3.6583753,42.724285
377,134094955755275,0.06436968,0.03604123,0.0727272,0.0017242432,-0.0068359375,0.0030670166,247.75276,-3.660117,42.7259
378,134094960790676,0.04705906,0.1136128,0.11012602,0.00289917,-0.0063171387,0.0013885498,247.76874,-3.667806,42.725704
379,134094965826076,0.034690857,0.06527078,0.07633495,0.005844116,-0.0051879883,-0.0026855469,247.78085,-3.6735902,42.725674
380,134094970861476,-0.010648727,0.010020137,0.11368132,0.009094238,-0.006881714,-0.0051879883,247.78659,-3.6773221,42.72302
381,134094975896877,-0.039119244,-0.023775697,-0.028641224,0.017028809,-0.007156372,-0.0064086914,247.79161,-3.6814477,42.724518
382,134094980932277,-0.043689728,-0.0033288598,-0.014013767,0.02468872,-0.004333496,-0.008422852,247.80907,-3.6896462,42.72483
383,134094985967677,-0.02915001,-0.056402832,-0.075208664,0.025558472,0.0027313232,-0.009628296,247.8232,-3.6958091,42.726345
384,134094991003078,-0.06402254,-0.014671445,-0.02992487,0.022872925,0.009765625,-0.009750366,247.83951,-3.7049897,42.72258
385,134094996496242,-0.006382942,0.019979984,-0.060726166,0.016571045,0.015808105,-0.008773804,247.84906,-3.7137184,42.720623
386,134095001073879,-0.03171301,2.1249056E-4,0.021905899,0.010070801,0.016342163,-0.008682251,247.85545,-3.719305,42.713852
387,134095006109279,0.013908863,-0.014377415,0.04488802,0.001663208,0.0124053955,-0.006713867,247.85574,-3.721392,42.70866
388,134095011144679,0.025968552,0.016278148,0.034737587,-0.0030059814,0.0090789795,-0.0055389404,247.85739,-3.7234285,42.705307
389,134095016180080,0.023618221,-0.045204103,0.0507617,-0.0062561035,0.00390625,-0.0034942627,247.84367,-3.7197473,42.70267
390,134095021215480,0.014096737,-0.039982736,0.0077323914,-0.0064849854,0.0025787354,-0.0033416748,247.83504,-3.7158701,42.70205
391,134095026464504,0.033000946,-0.07737818,-0.011345863,-0.0034332275,0.005508423,-0.004348755,247.82361,-3.7101836,42.702705
392,134095031286281,0.014083862,-0.07915968,-0.013831615,-0.0012359619,0.0077056885,-0.00440979,247.8125,-3.7052116,42.70187
393,134095036321681,-0.00932312,-0.02198568,-0.037605286,9.1552734E-4,0.009857178,-0.00440979,247.79024,-3.704861,42.70025
394,134095041357082,-0.05374241,-0.057403505,-0.082458496,9.918213E-4,0.009933472,-0.0054473877,247.78412,-3.702698,42.698257
395,134095046392482,-0.055303097,-0.09730032,-0.0372324,0.0030975342,0.009933472,-0.0054779053,247.77155,-3.6980217,42.694767
396,134095051427883,-0.04035902,-0.07317367,-0.025397778,0.0041046143,0.0069732666,-0.0035095215,247.76343,-3.6953397,42.691643
397,134095056463283,-0.07059431,-0.096371055,0.026651382,0.004196167,3.2043457E-4,-0.0012054443,247.76906,-3.690195,42.687344
398,134095061468166,-0.020458221,-0.03439638,-0.013665676,0.005279541,-0.0018615723,-0.0011901855,247.76773,-3.689577,42.687317
399,134095066442531,-0.044047356,-0.029629081,0.014932156,0.008544922,-0.0072021484,9.613037E-4,247.76701,-3.6895425,42.6865
400,134095071447414,-0.036886215,-0.06038946,0.026896954,0.012786865,-0.009246826,0.002029419,247.76407,-3.6880608,42.686718
401,134095076452297,-0.020344734,-0.04375902,0.107225895,0.014984131,-0.007080078,0.0030975342,247.78073,-3.688006,42.684776
402,134095081640285,-0.06524086,-0.0769501,0.07823801,0.018997192,-0.0040740967,0.0041046143,247.77542,-3.6866796,42.68161
403,134095086431545,-0.07655048,0.0270001,-0.04508114,0.023361206,0.0015411377,0.004135132,247.78874,-3.6933725,42.680653
404,134095091436427,-0.035690308,-0.004570037,0.0071821213,0.022109985,0.0045318604,0.004135132,247.79758,-3.698449,42.678314
405,134095096441310,0.002506733,0.009065449,0.047167778,0.017807007,0.0034484863,0.004135132,247.79575,-3.7034965,42.67568
406,134095101446193,-0.011583805,-0.01739481,0.075042725,0.013656616,0.0025939941,0.0040740967,247.79678,-3.7054,42.671936
407,134095106420558,0.016952515,0.013114303,0.034205437,0.011749268,0.0047454834,0.0029144287,247.8027,-3.7087777,42.67043
408,134095111822170,0.040623188,0.059830725,0.02431345,0.012741089,0.006729126,9.1552734E-4,247.81677,-3.7158856,42.66927
409,134095116430324,0.033452988,0.070711315,0.04751444,0.012832642,0.008956909,-0.002456665,247.86462,-3.7239418,42.666664
410,134095121435207,0.035867214,0.043591976,0.06809473,0.01411438,0.010559082,-0.004714966,247.87677,-3.7311623,42.662815
411,134095126409572,0.036033154,0.06847626,-0.020195007,0.01689148,0.016693115,-0.008071899,247.89743,-3.7416995,42.66085
412,134095131414455,0.07178402,0.12368056,-0.09846115,0.015808105,0.01940918,-0.012252808,247.9314,-3.7576387,42.66131
413,134095136419338,0.062431812,0.19014636,-0.08877134,0.014511108,0.018112183,-0.015090942,248.00772,-3.7787569,42.66055
414,134095141790431,0.09090185,0.15922976,0.0011239052,0.011352539,0.015136719,-0.015274048,248.0458,-3.7977397,42.65805
415,134095146398586,0.07646942,0.13588399,0.12582684,0.0061798096,0.012832642,-0.019042969,248.07285,-3.8127043,42.65224
416,134095151403468,-0.027401447,-0.028383464,0.09724474,0.005264282,0.009750366,-0.02394104,248.12274,-3.8310778,42.637955
417,134095157171291,-0.06500387,-0.08811301,-0.026194096,0.0050964355,6.5612793E-4,-0.025436401,248.12631,-3.8330696,42.63713
418,134095162206691,-0.097925186,-0.19441044,-0.018458843,0.0036773682,-0.010665894,-0.023284912,248.11346,-3.8266828,42.637985
419,134095167242092,-0.11897135,-0.259492,-0.022418499,-3.0517578E-5,-0.017837524,-0.020980835,248.08884,-3.8142657,42.64001
420,134095172277492,-0.15854168,-0.19617489,0.023030281,-0.0061035156,-0.017166138,-0.017944336,248.05063,-3.8026881,42.637318
421,134095177312892,-0.1668868,-0.18263865,0.053723335,-0.012420654,-0.0098724365,-0.013717651,248.01746,-3.7891557,42.631504
422,134095182348293,-0.108914375,-0.13830668,0.01791048,-0.014633179,-0.0026855469,-0.006591797,247.98865,-3.776921,42.62772
423,134095187383693,-0.05136299,-0.10610321,0.036629677,-0.0118255615,-0.0011749268,-0.0011901855,247.96425,-3.7664325,42.624855
424,134095196386379,0.019993782,-0.107317865,-0.086545944,-0.006011963,0.0022735596,0.0035247803,247.938,-3.757203,42.627876
425,134095197454494,0.048350334,-0.13467208,-0.008113384,0.0011901855,0.0056610107,0.00541687,247.91754,-3.7472203,42.628635
426,134095202489894,-0.036899567,-0.1903083,0.0060014725,0.007171631,0.0053100586,0.0062713623,247.88974,-3.7348955,42.62638
427,134095207525295,-0.06483412,-0.09456572,-0.022437096,0.013153076,0.0032653809,0.007019043,247.87906,-3.7306342,42.624233
428,134095212560695,-0.045387268,-0.030370802,0.02260065,0.018829346,0.0019378662,0.010238647,247.88657,-3.7311506,42.621643
429,134095217596095,-0.00718832,0.002614528,0.017663956,0.02180481,0.0013580322,0.013473511,247.8912,-3.7338414,42.62033
430,134095222631496,0.056803703,0.025858521,0.03152132,0.023956299,0.0056762695,0.0158844,247.8999,-3.7382023,42.619686
431,134095227666896,0.092051506,0.07712948,0.009755611,0.02607727,0.009124756,0.0158844,247.91876,-3.7470086,42.62003
432,134095236364406,0.037261963,0.03584528,0.080276966,0.02835083,0.00970459,0.0152282715,247.93774,-3.7532356,42.616356
433,134095237737697,0.056078434,0.046619892,-0.005546093,0.03147888,0.008270264,0.01210022,247.95724,-3.7623987,42.61653
434,134095242773097,0.027495861,0.047753125,0.07462025,0.03303528,0.006729126,0.009933472,247.9753,-3.772206,42.613155
435,134095247808498,0.048731804,0.08654538,0.01956606,0.032714844,0.006729126,0.0068511963,248.00323,-3.7857566,42.612286
436,134095252843898,0.03682518,0.1390593,0.023916245,0.03227234,0.0079956055,0.0024414063,248.04745,-3.803837,42.610023
437,134095257879299,0.05345106,0.13673225,0.072990894,0.03211975,0.011001587,3.3569336E-4,248.08342,-3.8223972,42.605827
438,134095266332668,0.008512974,0.1228638,0.0603137,0.027893066,0.011001587,-0.0023040771,248.1127,-3.8380797,42.600845
439,134095267950099,0.03012228,0.05722031,0.06655264,0.019927979,0.011688232,-0.0068511963,248.1316,-3.8488283,42.595963
440,134095272985500,0.063397884,0.05599472,-0.06422281,0.0131073,0.013137817,-0.010101318,248.15973,-3.8589454,42.596436
441,134095278020900,0.053830147,0.021901011,-0.054577827,0.008087158,0.011688232,-0.0104522705,248.17358,-3.8653047,42.59693
442,134095283056301,-0.017196655,0.035446495,0.035387993,0.003768921,0.007003784,-0.010116577,248.18274,-3.871067,42.59303
443,134095288091701,-0.002790928,0.01594308,-3.8433075E-4,-7.7819824E-4,0.002456665,-0.011169434,248.18991,-3.8747995,42.59208
444,134095296270412,0.002038002,-0.040954202,0.12229824,-0.005722046,0.0013275146,-0.011199951,248.19742,-3.8722978,42.58737
445,134095298162502,-0.002573967,-0.009901702,-0.020471096,-0.009429932,0.003112793,-0.009750366,248.19528,-3.8714445,42.58695
446,134095303197902,0.006977558,-0.019127846,-0.03455448,-0.011993408,0.0020446777,-0.009338379,248.19098,-3.8691323,42.58771
447,134095308233302,-0.009610176,-0.032906175,-0.022474289,-0.014389038,-2.746582E-4,-0.008682251,248.18286,-3.8651114,42.58824
448,134095313268703,-0.033343315,-0.030048639,-0.005587578,-0.01461792,-0.0058288574,-0.008682251,248.19315,-3.8613255,42.588978
449,134095318304103,-0.035937786,-0.0933713,0.0515728,-0.012390137,-0.013122559,-0.008285522,248.17781,-3.853589,42.59032
450,134095326299709,-0.019677162,-0.085547835,-0.014431953,-0.006713867,-0.018218994,-0.007232666,248.17035,-3.8483574,42.594925
451,134095328374904,-0.06490946,-0.1040363,-0.0137887,0.001953125,-0.016693115,-0.0069885254,248.16367,-3.8441737,42.59772
452,134095333410304,-0.11194134,-0.1178714,0.010299683,0.008575439,-0.0113220215,-0.007156372,248.12762,-3.8406708,42.59645
453,134095338445705,-0.05694914,-0.15058574,0.0033893585,0.013046265,-0.00730896,-0.006072998,248.11732,-3.8357902,42.596474
454,134095343481105,-0.06844044,-0.10050705,-0.053093433,0.016738892,-0.0051574707,-0.005004883,248.11714,-3.8354023,42.597305
455,134095348516506,-0.039661407,-0.041519552,-0.0076351166,0.019592285,-0.0035095215,-0.0039520264,248.12634,-3.839803,42.59716
456,134095353551906,-0.03464508,-0.039556503,-0.03345585,0.020645142,-0.0015716553,-0.00289917,248.12021,-3.8434205,42.59739
457,134095358587306,-0.0013098717,-0.021223485,-0.023675442,0.022766113,-1.8310547E-4,-0.0027618408,248.13345,-3.8493762,42.5982
458,134095363622707,0.022233486,-0.040902972,0.047472,0.024978638,-0.0022583008,-0.0033416748,248.1441,-3.8544486,42.598114
459,134095368658107,0.007736683,-0.029695868,0.028392792,0.024536133,-0.004470825,-0.002822876,248.15659,-3.860115,42.598724
460,134095373693508,-0.011397839,-0.04922849,-0.028265953,0.023925781,-0.0055389404,-0.0022735596,248.1532,-3.864387,42.600918
461,134095378728908,-0.023328781,-0.012003303,-0.060809135,0.023986816,-0.006088257,-0.0017700195,248.17145,-3.8718681,42.604
462,134095383764308,-0.037490368,-0.0078623295,0.029621601,0.020980835,-0.006088257,-7.171631E-4,248.18155,-3.8769336,42.603195
463,134095388799709,-0.008990288,0.029432416,-0.02475357,0.016448975,-0.0039367676,9.460449E-4,248.19696,-3.8836224,42.604786
464,134095396245998,-0.015974045,-0.018344581,-0.0481534,0.011566162,9.3078613E-4,0.0025634766,248.20108,-3.8852322,42.60569
465,134095398870509,-0.008609295,-0.022943467,0.04181242,0.003982544,0.004638672,0.0036315918,248.19539,-3.8836393,42.602745
466,134095403905910,-0.01074934,-0.029607773,0.04131174,-0.0029144287,0.0045166016,0.004135132,248.1842,-3.879454,42.59977
467,134095408941310,0.0035643578,-0.012475461,0.09754133,-0.0059509277,0.0019226074,0.004135132,248.17209,-3.875107,42.59609
468,134095413976711,-0.010694504,-0.030944318,0.10385132,-0.0064849854,-0.0018615723,0.0036010742,248.15855,-3.869943,42.59275
469,134095419012111,-0.0037045479,-0.004435718,0.11965895,-0.0053100586,-0.005142212,0.0030670166,248.14978,-3.8668144,42.590027
470,134095424047511,0.003174305,0.035908043,0.06929493,-0.0031585693,-0.0066986084,0.001876831,248.15115,-3.86761,42.589622
471,134095429082912,0.017024994,0.07816902,-0.0018391609,-0.0010070801,-0.008377075,9.3078613E-4,248.1639,-3.8725572,42.59251
472,134095434118312,0.023606777,0.02794227,0.010309219,0.0011444092,-0.010528564,9.3078613E-4,248.17102,-3.8746512,42.59594
473,134095439153713,0.020702362,0.06537604,-0.09095383,0.0032043457,-0.009124756,3.6621094E-4,248.18878,-3.8805969,42.602547
474,134095444189113,-0.00797224,0.09529862,-0.120708466,0.0065612793,-0.0053863525,-7.171631E-4,248.21188,-3.889633,42.607613
475,134095449224513,0.008559227,0.054009765,-0.07477474,0.009094238,-0.0014038086,-0.0018310547,248.22952,-3.8967652,42.610847
476,134095454259914,-0.019638062,0.0295344,0.046079636,0.010177612,0.0067596436,-0.0022735596,248.23738,-3.901963,42.60681
477,134095459295314,0.049459457,0.024024189,0.014605999,0.013214111,0.014266968,-0.0035705566,248.24768,-3.9078043,42.604145
478,134095464330715,8.9645386E-5,-0.057217628,-0.021436214,0.018859863,0.017669678,-0.005065918,248.24934,-3.9101462,42.599934
479,134095469366115,-0.039380074,-0.05541596,-0.10441685,0.022521973,0.017227173,-0.006088257,248.25726,-3.9150698,42.596695
480,134095476232570,-0.12354326,-0.027567714,-0.092133045,0.021469116,0.014389038,-0.008483887,248.26588,-3.9211504,42.591248
481,134095479436916,-0.048879623,4.3272972E-5,-0.110609055,0.01676941,0.012435913,-0.011123657,248.28168,-3.9292784,42.589417
482,134095484472316,-0.0031557083,0.053520292,-0.039245605,0.010681152,0.012756348,-0.0132751465,248.30154,-3.9396677,42.58665
483,134095489507717,-0.005056858,0.028768718,0.0409894,0.0063476563,0.011016846,-0.014724731,248.31311,-3.9470367,42.581406
484,134095494543117,-0.09444666,-0.049993515,0.06640959,0.0031280518,0.0056610107,-0.015792847,248.30966,-3.9483252,42.573494
485,134095499578517,-0.060483456,-0.08797851,0.08938694,0.0033874512,0.0021820068,-0.014816284,248.3021,-3.947031,42.567307
486,134095504613918,-0.10241175,-0.11379036,0.086268425,0.0048828125,6.866455E-4,-0.014709473,248.28926,-3.943567,42.560314
487,134095509649318,-0.028302193,-0.09698668,-0.0018181801,0.007461548,0.0017852783,-0.012878418,248.28568,-3.9424033,42.558887
488,134095514684718,-0.0042791367,-0.11327028,-0.058585167,0.0069732666,0.00541687,-0.008911133,248.28,-3.9395041,42.559494
489,134095519720119,0.01728487,-0.034853935,0.06442022,0.0063323975,0.008224487,-0.0061035156,248.27844,-3.9401832,42.55567
490,134095524755519,0.038704395,-0.058490694,0.08249807,0.004043579,0.008865356,-0.004714966,248.27136,-3.9382699,42.5518
491,134095531591457,0.029276848,-0.060539752,0.16649485,0.0024108887,0.008865356,-0.0015563965,248.2579,-3.9346018,42.54456
492,134095536199611,0.06229496,-0.10964537,0.24517584,0.0012969971,0.005859375,6.2561035E-4,248.23395,-3.9261198,42.536995
493,134095539861720,0.04771328,-0.04974383,0.19347477,0.0025482178,0.002243042,0.0017242432,248.22076,-3.9219527,42.531456
494,134095544897121,0.02366209,-0.07067484,0.12818193,0.005493164,-0.0025787354,0.0019989014,248.20868,-3.9173467,42.528534
495,134095549932521,-0.019331455,-0.09390241,0.04951334,0.00793457,-0.011169434,0.0012054443,248.19882,-3.9125767,42.528873
496,134095554967922,-0.081184864,-0.05325672,-0.04235506,0.009262085,-0.020843506,0.001739502,248.19983,-3.9116483,42.532696
497,134095560003322,-0.036588192,-0.05298555,-0.052939415,0.007247925,-0.025466919,0.0042877197,248.20317,-3.9101682,42.540947
498,134095565038722,-0.03951454,-0.026544154,-0.058783054,0.0030975342,-0.027191162,0.006011963,248.20636,-3.908789,42.548733
499,134095570074123,-0.047105312,0.0022766888,-0.14016247,-0.0029449463,-0.021621704,0.007949829,248.212,-3.9077682,42.55869
500,134095576177638,-0.06142378,0.049976707,-0.0913167,-0.006881714,-0.012420654,0.010101318,248.21597,-3.907704,42.563927
501,134095580144924,-0.03754282,0.047871202,-0.09038639,-0.010940552,-0.0036010742,0.010543823,248.21509,-3.9059756,42.567455
502,134095585180324,-0.034843445,0.06706533,-0.02833271,-0.0126953125,0.003326416,0.007980347,248.2121,-3.904827,42.56675
503,134095590215724,0.017594337,-0.020176977,-0.023618698,-0.011291504,0.0069885254,0.0057373047,248.19739,-3.8979945,42.56647
504,134095596166652,-0.0011792183,0.011024296,0.035331726,-0.005630493,0.008651733,0.0026397705,248.18959,-3.8955805,42.56307
505,134095600286525,-0.0054941177,-0.038551807,-0.07155895,4.5776367E-5,0.013259888,2.4414063E-4,248.18198,-3.8923426,42.562115
506,134095605321926,-0.078005314,-0.021906406,-0.11401224,0.0063323975,0.020431519,-0.0028076172,248.17952,-3.8927023,42.558018
507,134095610357326,-0.050577164,-0.045710653,-0.15155554,0.008285522,0.024368286,-0.0033416748,248.17755,-3.8930075,42.55469
508,134095615392726,-0.042224884,-0.066919416,-0.10856342,0.0057525635,0.023971558,-0.0033416748,248.17027,-3.8913314,42.549946
509,134095620428127,-0.036301613,-0.050030947,-0.1249547,0.0010070801,0.022109985,-0.0024871826,248.16351,-3.8896341,42.545944
510,134095625463527,-0.058938026,-0.014118999,-0.05607891,-0.0063934326,0.019866943,-4.5776367E-4,248.15521,-3.887857,42.54017
511,134095630498927,0.024819374,-0.05371654,-0.05623579,-0.0140686035,0.018615723,0.0017242432,248.13806,-3.8806589,42.53779
512,134095635534328,-7.6007843E-4,0.020615965,0.068748474,-0.01878357,0.016601563,0.0048217773,248.12149,-3.8755758,42.530445
513,134095640569728,0.02098751,0.06138718,0.12904024,-0.017425537,0.013504028,0.006149292,248.10811,-3.8721933,42.522575
514,134095645605129,0.040100574,0.0686211,0.111028194,-0.012390137,0.01121521,0.0043640137,248.10034,-3.870687,42.51679
515,134095650640529,0.025966644,0.018905431,0.090857506,-0.0064697266,0.00920105,0.0023498535,248.0902,-3.8678343,42.5116
516,134095655675929,0.009420872,0.004715115,0.15601063,-6.1035156E-4,0.004043579,0.0010375977,248.08162,-3.8662536,42.505005
517,134095660711330,-0.01899147,-0.08043513,0.16653156,0.006790161,-0.0033569336,-0.0010223389,248.0657,-3.8610537,42.49885
518,134095665746730,-0.07340479,-0.040166676,0.09934187,0.017288208,-0.011886597,-0.0041656494,248.06555,-3.86237,42.495102
519,134095670782131,0.0022292137,0.011241525,0.0140657425,0.02305603,-0.017486572,-0.00440979,248.08575,-3.8704534,42.498936
520,134095675817531,0.029894829,0.024325162,-0.0066394806,0.024414063,-0.019851685,-0.0054016113,248.11261,-3.8806522,42.505535
521,134095680852931,0.02181673,0.056153774,-0.041236877,0.020721436,-0.0209198,-0.0054779053,248.14645,-3.8935096,42.513813
522,134095685888332,0.030351162,0.052589744,0.047164917,0.01612854,-0.025131226,-0.0054779053,248.17166,-3.903377,42.519222
523,134095690923732,0.029162884,0.07508916,0.052399635,0.0118255615,-0.029434204,-0.006500244,248.20029,-3.9143105,42.526077
524,134095696111720,0.04443741,0.054951012,0.06473541,0.011672974,-0.029586792,-0.0075683594,248.22585,-3.923512,42.533722
525,134095700994533,0.059575558,0.051437676,0.036852837,0.013763428,-0.030639648,-0.008651733,248.2536,-3.9331636,42.542973
526,134095706029933,-0.005601406,-0.0088124275,0.056356907,0.015914917,-0.025390625,-0.009735107,248.27148,-3.9394877,42.54868
527,134095711065334,7.3099136E-4,-0.033269852,-0.1321621,0.015945435,-0.01939392,-0.009750366,248.29391,-3.9459145,42.559887
528,134095716070217,-0.02106905,-0.033687323,-0.062053204,0.011627197,-0.016738892,-0.007583618,248.30711,-3.9499385,42.565845
529,134095721075099,-0.03555298,-0.07368517,-0.03947878,0.0051727295,-0.011352539,-0.0043640137,248.30482,-3.9467547,42.571564
530,134095731084865,-0.023555279,-0.10119942,-0.03199005,-0.0023345947,-0.003921509,-0.0011444092,248.288,-3.9383507,42.572853
531,134095736059230,0.04021454,-0.1565817,-0.010359764,-0.008682251,-0.001953125,0.0020599365,248.26068,-3.924167,42.57641
532,134095736242336,0.015877247,-0.10510427,0.001853466,-0.0138549805,-0.01335144,0.004135132,248.23836,-3.9121454,42.58047
533,134095746068996,0.029417992,-0.082469106,-0.021351337,-0.011627197,-0.016830444,0.0029754639,248.22281,-3.9025571,42.58655
534,134095751073879,-0.030769825,-0.06164822,-0.01788807,-0.007507324,-0.017608643,8.8500977E-4,248.2089,-3.894574,42.590405
535,134095756048244,-0.035627365,-0.04446271,0.100640774,-0.0063476563,-0.013290405,-2.746582E-4,248.19943,-3.8885984,42.594486
536,134095761053127,-0.045012474,-0.05830598,-0.00855875,-0.0038909912,-0.008987427,-0.0023498535,248.18866,-3.8840415,42.593067
537,134095766027492,-0.07074499,-0.079339206,0.048314095,0.0024719238,-0.004852295,-0.003250122,248.17259,-3.8772776,42.590847
538,134095771490138,-0.07258606,-0.064935744,0.050364494,0.0074768066,-0.0028839111,-0.0022735596,248.16719,-3.8761003,42.58713
539,134095776525539,-0.08376646,-0.02027613,0.026371956,0.014633179,-0.0014038086,-0.0033416748,248.17355,-3.8806446,42.58299
540,134095781560939,-0.0026426315,-0.00929293,-0.030588627,0.022903442,0.00289917,-0.0034484863,248.18938,-3.888259,42.582573
541,134095791021388,-0.028271198,-0.019784093,-0.09192371,0.027801514,0.0071868896,-0.0045166016,248.20648,-3.896511,42.5821
542,134095791631740,-0.02522707,0.05484274,-0.049008846,0.02810669,0.011383057,-0.0054779053,248.23099,-3.909205,42.578995
543,134095796667140,0.020353317,0.041665077,0.017078876,0.022644043,0.0140686035,-0.005340576,248.24915,-3.9193358,42.574764
544,134095801702541,0.06306696,0.026619107,-0.00463295,0.01651001,0.0129852295,-0.004333496,248.26144,-3.9254308,42.57397
545,134095806737941,0.013337612,0.06623629,-0.007273197,0.008590698,0.01083374,-0.0030212402,248.27399,-3.9322376,42.57152
546,134095811773342,0.05368662,0.044333637,-0.02639389,0.0024719238,0.009765625,-0.0015258789,248.28227,-3.9361231,42.57159
547,134095816808742,0.041749954,0.04869309,0.018388271,-0.0018310547,0.008865356,-0.0033416748,248.28732,-3.9391532,42.569817
548,134095821844142,0.018094063,0.012980342,0.07696915,-0.005783081,0.008682251,-0.0035095215,248.28287,-3.9386888,42.565372
549,134095826879543,-0.054991722,0.022445053,0.04304886,-0.0075531006,0.0072631836,-0.00440979,248.27876,-3.9388187,42.559784
550,134095831914943,0.004600048,-0.015367895,0.0945034,-0.007675171,0.004348755,-0.0042877197,248.26979,-3.9360695,42.55577
551,134095836950343,-0.028432846,-0.031556815,0.0039520264,-0.008422852,0.002029419,-0.0029144287,248.26022,-3.9321365,42.554203
552,134095841985744,-0.023482323,-0.042803526,0.07708311,-0.0079956055,9.1552734E-5,-7.6293945E-4,248.24542,-3.9264045,42.55085
553,134095847021144,0.030920029,-0.07507846,0.093016624,-0.009918213,-0.0014190674,0.0013885498,248.22542,-3.917405,42.549717
554,134095852056545,0.06826925,-0.024379969,0.047507286,-0.011001587,-0.004196167,0.0033111572,248.21455,-3.9114242,42.55204
555,134095857091945,0.062743664,-0.047237784,0.099225044,-0.0116119385,-0.0054779053,0.003921509,248.19815,-3.9033213,42.553055
556,134095862127345,0.054873943,-0.041773617,0.011279583,-0.010238647,-0.007522583,0.0027160645,248.18921,-3.8976352,42.557014
557,134095867162746,0.04696083,-0.02239409,-0.021526814,-0.006286621,-0.010055542,1.8310547E-4,248.1884,-3.895172,42.56266
558,134095872198146,0.022562504,-0.0789817,0.012078762,-0.0011749268,-0.012237549,-0.0030517578,248.18243,-3.890898,42.5666
559,134095877233547,0.04089451,-0.01959455,0.038300037,0.0028686523,-0.011169434,-0.005203247,248.18716,-3.891919,42.56988
560,134095882268947,-0.016426563,-0.036349088,-0.032507896,0.0058135986,-0.01008606,-0.0049591064,248.19206,-3.8930054,42.573174
561,134095887304347,-0.03545904,-0.06492683,-0.039019585,0.0074005127,-0.008758545,-0.0073394775,248.195,-3.8934672,42.575684
562,134095892339748,-0.014126778,-0.050712287,-0.07151842,0.007156372,-0.007156372,-0.009506226,248.2001,-3.8944783,42.579437
563,134095897375148,-0.007136345,-0.08383405,-0.061255455,0.0063323975,-0.0068511963,-0.008682251,248.20038,-3.8932302,42.583195
564,134095902410549,-0.016693592,-0.050550222,-0.015703201,0.0063323975,-0.005783081,-0.008056641,248.20265,-3.8937478,42.58467
565,134095907445949,-0.052087307,-0.003293246,-0.017793655,0.006011963,-0.0043945313,-0.0059051514,248.20883,-3.8967807,42.584366
566,134095912481349,-0.051691532,-0.010580629,0.05322218,0.0046081543,-0.0019073486,-0.0034179688,248.20824,-3.897755,42.58095
567,134095917516750,-0.037004948,-0.010632426,0.07630873,0.0031280518,0.0015716553,-8.8500977E-4,248.20456,-3.8977792,42.576214
568,134095922552150,-0.060124874,-0.060222387,0.05663252,0.003692627,0.0051574707,4.4250488E-4,248.1926,-3.8941708,42.570698
569,134095927587551,-0.05467558,-0.059844375,0.06304169,0.0059509277,0.006729126,0.0027008057,248.18051,-3.8906689,42.56475
570,134095932622951,-0.004447937,-0.050117075,0.017496109,0.009155273,0.006362915,0.004135132,248.17474,-3.8888078,42.562447
571,134095937658351,-0.006641865,-0.06894711,0.07863045,0.0138549805,0.0045318604,0.004135132,248.16711,-3.886641,42.558594
572,134095942693752,-0.023128986,-0.04987353,0.009562969,0.015548706,5.340576E-4,0.0045318604,248.16583,-3.8863745,42.55767
573,134095947729152,4.9066544E-4,-0.035648406,-0.004491806,0.014144897,-0.003982544,0.004852295,248.16846,-3.8869681,42.559402
574,134095952764552,-0.030368805,-0.023849279,0.005162716,0.012741089,-0.0054016113,0.0037994385,248.1705,-3.8878827,42.559536
575,134095957799953,-0.030184269,-0.047617465,-0.063250065,0.012329102,-0.0023345947,0.0022583008,248.17194,-3.887936,42.56125
576,134095962835353,0.014963627,0.023221731,-0.058019638,0.011672974,0.0011291504,9.3078613E-4,248.18408,-3.8928752,42.56335
577,134095967870754,0.019640446,0.015662253,-0.11188507,0.010421753,0.002456665,0.0017700195,248.19542,-3.896795,42.567215
578,134095975896877,0.007768631,0.024833918,-0.049656868,0.0076141357,0.0028686523,0.0034942627,248.20279,-3.8998463,42.568363
579,134095977941554,-0.03226471,0.017551064,-0.08008003,0.0043029785,0.0043182373,0.004135132,248.206,-3.901297,42.568523
580,134095982976955,-0.036494255,0.03643167,-0.091432095,-5.645752E-4,0.0068206787,0.003753662,248.20935,-3.9029367,42.56836
581,134095988012355,-0.009870529,0.055279553,-0.14294815,-0.0050964355,0.01020813,0.0026245117,248.21489,-3.905011,42.56982
582,134095995885890,0.016591549,0.022171766,-0.06898975,-0.0098724365,0.012069702,0.0015411377,248.21092,-3.9033208,42.56933
583,134096000890773,0.026275158,0.057946593,0.020898819,-0.01524353,0.011123657,4.7302246E-4,248.2067,-3.902439,42.566315
584,134096005865138,0.016941547,0.060433418,0.039267063,-0.019195557,0.00944519,-0.0015716553,248.20123,-3.901187,42.56276
585,134096008153957,0.0501709,0.03455317,0.014997959,-0.019927979,0.008407593,-0.0042419434,248.19434,-3.8984442,42.56137
586,134096013189357,0.026375294,-0.029048443,0.10197687,-0.018859863,0.0068969727,-0.00592041,248.17804,-3.8923607,42.557053
587,134096018224758,-0.020881176,-0.026079506,0.119828224,-0.016738892,0.0046539307,-0.0065460205,248.1615,-3.88688,42.550797
588,134096023260158,0.014858246,-0.05869007,-0.013519764,-0.013000488,0.0040283203,-0.0070495605,248.14893,-3.8810046,42.55065
589,134096028295558,-0.01808405,-0.04866892,0.038308144,-0.009216309,0.006134033,-0.007095337,248.13664,-3.876616,42.546883
590,134096033330959,-0.005844593,-0.09783727,0.11326456,-0.006500244,0.007797241,-0.0070648193,248.11607,-3.8692346,42.54065
591,134096038366359,0.03460121,-0.047492206,0.06722832,-0.00541687,0.006790161,-0.0071105957,248.10648,-3.865864,42.53754
592,134096045843166,-0.0033473969,-0.03998506,0.13502455,-0.00642395,0.0031433105,-0.0060424805,248.09431,-3.8621852,42.531998
593,134096048437160,-0.008072376,-0.06320819,0.09379768,-0.006454468,-0.0013427734,-0.0054779053,248.0809,-3.857019,42.528896
594,134096053472560,-0.015193939,-0.046165317,0.06006813,-0.0043029785,-0.0034484863,-0.00491333,248.07254,-3.853681,42.52727
595,134096060827297,-0.06244135,-0.026960135,0.08332777,-0.0021514893,-0.0050964355,-0.00440979,248.0661,-3.8520591,42.5235
596,134096063543361,-0.05273676,-0.0551835,0.08287907,0.0026245117,-0.010391235,-0.002243042,248.05765,-3.84902,42.520943
597,134096071203273,-0.04087448,-0.061980307,0.068386555,0.0047454834,-0.009765625,-7.6293945E-5,248.05096,-3.8460906,42.520355
598,134096075811427,-0.014881134,-0.016768724,0.020904064,0.005264282,-0.005203247,0.0015411377,248.05243,-3.8462808,42.521713
599,134096080816310,-0.012592316,-0.019125462,-0.09947014,0.005264282,-0.001663208,0.0019989014,248.05685,-3.8466568,42.5263
600,134096085821193,0.0063295364,0.0021601617,-0.07732773,0.005264282,-0.0038452148,0.0026245117,248.06279,-3.8481758,42.52973
601,134096090826076,-0.0032896996,0.009122342,-0.067121506,0.0039978027,-0.0098724365,0.0018157959,248.06921,-3.8500164,42.53291
602,134096095800441,-0.005947113,-0.017000943,-1.6355515E-4,0.002532959,-0.017242432,-0.0014343262,248.0705,-3.8496876,42.53541
603,134096101202052,-0.023045063,-0.035882443,-0.004301071,0.0032653809,-0.022872925,-0.004547119,248.07199,-3.8487124,42.539932
604,134096105810207,-0.037728786,-0.024010003,0.03181362,0.006790161,-0.022949219,-0.0067749023,248.07568,-3.8491764,42.543385
605,134096110815090,0.027894497,-0.024237692,-0.010189056,0.011749268,-0.018829346,-0.006942749,248.0869,-3.8515074,42.551334
606,134096115819972,-0.024926186,-0.008122742,-0.07083464,0.017150879,-0.010757446,-0.0065460205,248.10332,-3.8566713,42.55827
607,134096120794338,-0.03195238,0.061407447,-0.18618393,0.01914978,-0.0030975342,-0.0065460205,248.15123,-3.8741016,42.572205
608,134096129003566,0.017994404,0.06710556,-0.12330198,0.016586304,0.0030670166,-0.007171631,248.18047,-3.8864722,42.576042
609,134096134038967,0.0014653206,0.06362498,-0.0303092,0.01020813,0.0036621094,-0.006942749,248.19955,-3.895572,42.575783
610,134096139074367,0.02030754,-0.010418355,0.09746456,0.0031738281,-0.0024719238,-0.0058288574,248.2012,-3.8972058,42.57348
611,134096144109767,0.012823582,0.01066938,-0.0022587776,0.0016937256,-0.007873535,-0.0061798096,248.20926,-3.9000957,42.575943
612,134096149145168,-0.044186115,0.003147006,0.033421993,0.004196167,-0.007156372,-0.007247925,248.21527,-3.9032035,42.575207
613,134096155767482,0.06699085,0.009761035,0.023858547,0.006713867,-0.00390625,-0.006881714,248.22658,-3.9074953,42.578003
614,134096159215968,0.068660736,-0.035635352,0.042699337,0.0074005127,-0.004257202,-0.0051727295,248.23108,-3.908771,42.580296
615,134096164251369,-0.009991169,-0.10650137,0.17000628,0.0052490234,-0.006454468,-0.0058288574,248.21667,-3.9036164,42.57586
616,134096169286769,-0.03608799,-0.077697635,0.17589855,0.006439209,-0.0064086914,-0.0065460205,248.20679,-3.9009597,42.57045
617,134096174322170,-0.09254503,-0.06340602,-0.047327995,0.010437012,-0.0022888184,-0.005783081,248.2066,-3.9011774,42.569614
618,134096179357570,-0.016177177,0.00265643,-0.009181976,0.011672974,0.002319336,-0.004699707,248.21626,-3.9060245,42.568825
619,134096184392970,5.3977966E-4,-0.00493595,0.10890293,0.009338379,4.119873E-4,-0.00440979,248.21973,-3.9091992,42.564644
620,134096191137355,-0.030270576,0.025443435,0.13645697,0.005554199,-0.0043945313,-0.0029449463,248.22452,-3.9132643,42.55977
621,134096194463771,-0.070438385,-0.019783974,0.15684557,0.001876831,-0.010726929,-0.003036499,248.21893,-3.9126854,42.554222
622,134096199499172,-0.018398285,0.010928839,0.066289425,1.8310547E-4,-0.014907837,-0.004135132,248.22363,-3.9145246,42.555202
623,134096204534572,0.02603817,-0.0034822226,0.08515549,0.0015411377,-0.017333984,-0.0035858154,248.22781,-3.9154859,42.55796
624,134096209569972,0.034728527,-0.046139747,-0.007109165,0.0028686523,-0.014556885,-0.0033416748,248.22997,-3.9142547,42.564037
625,134096214605373,-0.0037007332,-0.010583401,0.019274235,0.0055999756,-0.009429932,-0.0016784668,248.23459,-3.9155848,42.566334
626,134096219640773,-0.010991573,-0.041455954,0.014632225,0.004776001,-0.0059051514,-0.002746582,248.2344,-3.9150584,42.56751
627,134096224676174,0.0055246353,-0.048455834,0.08071613,0.004196167,-0.0025482178,-0.004989624,248.23,-3.913588,42.565887
628,134096229711574,0.03139782,-0.0932574,-0.056800842,0.004196167,-0.0018157959,-0.007171631,248.22618,-3.9104125,42.56961
629,134096234746974,-0.013893127,-0.036260724,-0.011283398,0.007583618,-0.0077667236,-0.0059051514,248.22992,-3.9116526,42.571037
630,134096239782375,-0.0778718,0.008431554,0.081234455,0.00932312,-0.0119018555,-0.0046081543,248.2367,-3.9158523,42.56831
631,134096244817775,-0.11753559,-0.02036184,-0.02311182,0.006011963,-0.0010681152,-0.00440979,248.23953,-3.9179456,42.56626
632,134096249853176,0.02061367,-0.015664667,-0.06563473,0.001159668,0.0095825195,-0.0019378662,248.24176,-3.9186487,42.567173
633,134096254888576,0.01836443,0.024610788,-0.03938389,-9.613037E-4,0.00680542,5.493164E-4,248.24486,-3.9202478,42.566807
634,134096259923976,-0.05263233,-0.020429641,0.01526022,6.5612793E-4,-0.005203247,3.0517578E-5,248.23975,-3.918661,42.564587
635,134096264959377,0.0064988136,-0.041654408,-0.18520975,0.006454468,-0.010818481,-1.373291E-4,248.24582,-3.9180787,42.57392
636,134096269994777,-0.017481804,-0.06283188,-0.16683102,0.00831604,-0.0077667236,-1.373291E-4,248.24974,-3.9170275,42.581776
637,134096275030177,0.0060224533,-0.04597199,-0.05661726,0.0038146973,-0.007156372,7.9345703E-4,248.25055,-3.9158156,42.586082
638,134096280065578,-0.024961948,-0.050352544,0.007819176,-3.5095215E-4,-0.00630188,-7.9345703E-4,248.24489,-3.9127936,42.587055
639,134096285100978,-0.017848015,-0.04049176,-0.041656494,-2.1362305E-4,-0.0051574707,-2.593994E-4,248.24141,-3.9103024,42.589355
640,134096290136379,-0.043747902,-0.044953197,-0.050671577,0.0046691895,-2.746582E-4,8.239746E-4,248.2375,-3.9081354,42.590244
641,134096295171779,-0.03151846,1.0043383E-4,-0.024329662,0.0071868896,0.0032043457,0.0019073486,248.24005,-3.9096437,42.58938
642,134096300207179,0.020776272,-0.040331542,0.025373459,0.012237549,0.0025482178,0.0010375977,248.23845,-3.9092038,42.588554
643,134096305242580,-0.021804333,-0.0026929379,0.0015125275,0.015670776,0.002456665,9.3078613E-4,248.24495,-3.9128354,42.58701
644,134096310277980,-0.005086899,-0.026911944,0.0038928986,0.01777649,-0.0012207031,-9.0026855E-4,248.25186,-3.916237,42.586647
645,134096315313381,-0.01931429,-0.032002956,-0.033770084,0.017089844,-0.0047912598,-0.0012054443,248.2592,-3.9191816,42.58804
646,134096320348781,-0.01225853,-0.027639031,-0.040356636,0.01499939,-0.0060272217,-0.0032043457,248.26874,-3.92274,42.59057
647,134096325384181,-0.01949501,-0.044478387,0.059396744,0.00982666,-0.009124756,-0.004348755,248.27112,-3.9240663,42.590034
648,134096330419582,-0.0032486916,-0.063370764,0.09946394,0.0044555664,-0.016418457,-0.00440979,248.26823,-3.922609,42.59031
649,134096335454982,-0.008658886,-0.12205446,0.18193007,0.0021362305,-0.025009155,-0.0013122559,248.25262,-3.9153695,42.589966
650,134096340490383,-0.028453827,-0.11173689,0.12703848,0.003967285,-0.027236938,-2.4414063E-4,248.24097,-3.9087684,42.592957
651,134096345525783,-0.04089451,-0.077881515,0.12679625,0.004196167,-0.027450562,9.1552734E-4,248.2327,-3.904293,42.59451
652,134096350561183,0.026985645,-0.027706206,0.102983475,0.002090454,-0.025360107,0.003036499,248.23344,-3.9027483,42.599648
653,134096355596584,0.0093894005,0.0386993,0.0533309,9.918213E-4,-0.023208618,0.0051879883,248.24237,-3.904944,42.605103
654,134096360631984,0.015508652,-0.02283299,0.060772896,9.918213E-4,-0.027450562,0.0073394775,248.24112,-3.9021845,42.61097
655,134096365636867,0.0096001625,-0.017759293,0.1131649,0.0031433105,-0.032836914,0.0073394775,248.23984,-3.8996327,42.616257
656,134096370702785,0.0034470558,-0.050622165,0.1441555,0.007156372,-0.038848877,0.0063323975,248.23697,-3.8958747,42.622765
657,134096375616115,-0.012038708,-0.045683056,0.01905346,0.016113281,-0.04121399,0.005203247,248.2427,-3.8950021,42.63248
658,134096380620998,-0.03453207,0.013197005,-0.11437893,0.023483276,-0.03578186,0.0051727295,248.26701,-3.9014125,42.646248
659,134096385625881,-0.05226183,0.037442982,-0.105577946,0.025436401,-0.028442383,0.0041046143,248.32152,-3.9195607,42.666943
660,134096395605129,-0.012536526,0.055364758,-0.0731926,0.02229309,-0.02619934,0.0030670166,248.34958,-3.9295678,42.675808
661,134096395879787,0.012863159,0.063720524,-0.10732937,0.017074585,-0.013717651,0.002029419,248.37909,-3.9400141,42.685387
662,134096405614894,-0.01586914,0.091104865,-0.05183935,0.011444092,-0.0047454834,8.69751E-4,248.40312,-3.9501128,42.688824
663,134096410619777,-0.013476849,0.08529127,0.033688545,0.008224487,-8.392334E-4,-4.5776367E-5,248.42038,-3.9586563,42.687794
664,134096415594142,0.026720047,0.0631139,-0.046794415,0.0048065186,-0.0021820068,9.3078613E-4,248.4362,-3.965098,42.690617
665,134096420599025,-0.006688595,0.086135,-0.05099392,-3.8146973E-4,-0.0063934326,0.0011291504,248.45235,-3.9718354,42.69306
666,134096425603908,0.047389984,0.07137692,0.055897236,-0.0036773682,-0.009109497,0.0027770996,248.46182,-3.9756098,42.69498
667,134096430975002,0.020151615,-0.011583775,0.04867506,-0.007659912,-0.0072021484,-2.2888184E-4,248.45905,-3.9726744,42.699436
668,134096436162990,0.024434566,-0.046681345,0.06502962,-0.010894775,-0.008224487,-0.003829956,248.44891,-3.9675124,42.70047
669,134096441198390,0.040473938,-0.07461813,0.034061432,-0.010925293,-0.008361816,-0.007873535,248.4402,-3.9623513,42.703316
670,134096446233791,-0.007312298,-0.13101113,-0.06276035,-0.0032653809,-0.008895874,-0.010147095,248.43158,-3.9567544,42.707478
671,134096451269191,-0.05218649,-0.10469052,-0.069191456,0.005340576,-0.0053710938,-0.01322937,248.43112,-3.956034,42.70886
672,134096456304592,-0.056442738,-0.09305096,-0.021361828,0.013015747,-6.1035156E-4,-0.015090942,248.43484,-3.9583108,42.707447
673,134096465581935,-0.06308174,-0.10260397,-0.016376972,0.014877319,-3.0517578E-5,-0.014907837,248.43466,-3.9586995,42.706127
674,134096466375392,-0.06519413,-0.12612274,0.031279564,0.014022827,-0.0054779053,-0.012268066,248.42906,-3.956389,42.705215
675,134096471410793,-0.07230997,-0.09255901,0.12365198,0.009353638,-0.014816284,-0.008148193,248.42288,-3.9541671,42.70329
676,134096476446193,-0.0040078163,-0.07332322,0.07378006,0.008834839,-0.02142334,-0.0045318604,248.42258,-3.9526508,42.70705
677,134096481481593,-0.04254818,-0.049446553,-0.015768051,0.010986328,-0.0231781,6.5612793E-4,248.42683,-3.9525676,42.71279
678,134096486516994,0.004225254,-0.016339958,-0.045567036,0.013290405,-0.02243042,0.0045166016,248.43843,-3.9550118,42.721123
679,134096491552394,-0.08366442,0.028289735,-0.08481789,0.016357422,-0.018066406,0.00642395,248.45334,-3.960604,42.72511
680,134096496587795,0.011154652,-0.03374508,-0.08144522,0.018920898,-0.010726929,0.0071258545,248.46149,-3.9623625,42.730885
681,134096501623195,-0.031508446,-0.02433753,0.046799183,0.017166138,-0.0030517578,0.006729126,248.46155,-3.9631257,42.728832
682,134096506658595,0.015975952,-0.010159582,0.17152357,0.013336182,5.493164E-4,0.008178711,248.45749,-3.9631672,42.723473
683,134096511693996,-0.02420187,0.022824079,0.04491806,0.011428833,0.002105713,0.0073394775,248.4604,-3.9657164,42.720264
684,134096516729396,0.023480892,0.031933278,-0.021791458,0.01083374,0.005996704,0.007583618,248.46695,-3.9690666,42.719578
685,134096521764797,0.02365017,0.076446,-0.02666378,0.01109314,0.011383057,0.008407593,248.47812,-3.9748683,42.718163
686,134096526800197,0.0025873184,0.0687457,0.072350025,0.0071105957,0.012329102,0.0076141357,248.48227,-3.9789078,42.71247
687,134096531835597,-0.009049416,0.032829046,0.15891123,0.0019989014,0.0076904297,0.0040893555,248.4784,-3.9797754,42.70505
688,134096536870998,-0.027940273,0.0018854141,0.09156799,-8.69751E-4,-5.950928E-4,3.6621094E-4,248.47482,-3.9793708,42.70154
689,134096541906398,-0.011418343,-0.045588583,0.08868027,0.0021972656,-0.006668091,-0.0023345947,248.47083,-3.9779873,42.700127
690,134096546941799,-0.00917244,-0.02460453,0.043330193,0.0098724365,-0.007095337,-0.0060424805,248.47827,-3.9815211,42.7001
691,134096551977199,-0.009171963,0.010378957,0.03600216,0.013549805,-0.0034637451,-0.0073547363,248.4898,-3.987335,42.699127
692,134096557012599,0.002658844,0.02162987,0.021616459,0.009857178,-0.0018157959,-0.006225586,248.50076,-3.992617,42.698833
693,134096562048000,-0.0022277832,-0.051810175,0.12544012,1.6784668E-4,-0.0034637451,-0.0048217773,248.49121,-3.9892123,42.695766
694,134096567083400,-0.021460533,-0.065405816,0.124726295,-0.007171631,-0.009536743,-0.0036773682,248.47697,-3.9831736,42.693882
695,134096572118801,0.013501644,-0.055337906,0.06524658,-0.0068969727,-0.017059326,-0.004058838,248.47029,-3.9787104,42.69746
696,134096580846828,0.014906406,-0.019598275,-0.0076847076,-0.0013122559,-0.022781372,-0.0036621094,248.47678,-3.978919,42.70532
697,134096582189601,-0.0048618317,-0.02214238,1.8787384E-4,0.004989624,-0.024246216,-0.004714966,248.48528,-3.98068,42.711483
698,134096587225002,-0.052801132,-0.022554338,-0.020306587,0.011413574,-0.023117065,-0.0054779053,248.4975,-3.9845872,42.716637
699,134096595495265,-0.031741142,-0.06556806,-0.08796692,0.015258789,-0.019134521,-0.0054779053,248.50757,-3.9867423,42.723804
700,134096597295802,0.012934685,-0.08701405,-0.12926722,0.017089844,-0.013793945,-0.004699707,248.51659,-3.9878168,42.732567
701,134096602331203,0.0077757835,-0.098857075,-0.11130905,0.01953125,-0.009979248,-0.0029449463,248.52258,-3.988075,42.73965
702,134096607366603,-0.042183876,-0.06098017,-0.13364029,0.018707275,-0.008926392,-0.0015106201,248.53247,-3.9906332,42.745495
703,134096612402004,-0.0633378,-0.06091413,-0.1936326,0.014175415,-0.008224487,-4.8828125E-4,248.5387,-3.9911768,42.752083
704,134096617437404,-0.030062675,-0.04880765,-0.16340351,0.0068206787,-0.008651733,-3.6621094E-4,248.5426,-3.9904501,42.759174
705,134096622472804,-0.049022198,0.008392125,-0.020118713,-0.0016021729,-0.009292603,0.0018005371,248.5431,-3.990135,42.760715
706,134096627508205,-0.039447308,-0.03611794,-0.04805231,-0.007598877,-0.0079956055,0.0039520264,248.53339,-3.9846058,42.76327
707,134096632543605,-0.010921955,0.0048822463,-0.0074424744,-0.011657715,-0.0038604736,0.005203247,248.525,-3.9802978,42.764183
708,134096637579006,0.036414623,0.007936001,-3.8146973E-4,-0.013320923,9.3078613E-4,0.0064849854,248.51404,-3.9747195,42.765247
709,134096642614406,0.007946014,-0.019732982,0.060797215,-0.014785767,0.0051574707,0.008407593,248.4953,-3.966963,42.762173
710,134096647649806,0.024671078,-0.0046375096,0.022221565,-0.014694214,0.008255005,0.008407593,248.47902,-3.9600005,42.760113
711,134096652685207,0.020011425,-0.060634464,0.13505459,-0.010986328,0.008377075,0.00793457,248.4531,-3.9498916,42.754158
712,134096657720607,-0.027166843,-0.021972716,0.11247444,-0.0061798096,0.0063171387,0.005874634,248.43674,-3.944509,42.747677
713,134096662756008,-0.07164097,-0.07131672,0.064184666,0.001159668,0.0045928955,0.0031585693,248.42017,-3.9388347,42.741722
714,134096667791408,0.016481876,-0.03799793,0.01392889,0.009597778,0.005050659,0.0015411377,248.41895,-3.9387372,42.740406
715,134096672826808,-0.035390854,-0.0028003752,0.0278306,0.020187378,0.004638672,-0.0012054443,248.42429,-3.9426951,42.736507
716,134096680425685,-0.032574654,0.03897783,-0.026792526,0.020751953,8.69751E-4,-6.713867E-4,248.44164,-3.951536,42.73478
717,134096685430568,-0.02285862,-0.043111622,0.037327766,0.018081665,-0.0028839111,3.9672852E-4,248.46013,-3.9609492,42.73298
718,134096692968410,-0.02055645,-0.088049024,0.018393993,0.014312744,-0.0072021484,0.0014801025,248.4559,-3.9586332,42.733856
719,134096698003810,0.005130768,-0.12073028,0.120188236,0.011703491,-0.011871338,0.0019989014,248.44415,-3.9530299,42.733948
720,134096703039211,0.02818966,-0.08692345,0.055936813,0.01008606,-0.015670776,0.0025177002,248.43852,-3.9490876,42.737465
721,134096708074611,0.034525394,-0.067620486,0.025279045,0.011795044,-0.014511108,0.0030670166,248.43806,-3.9471138,42.742283
722,134096715429347,0.010323048,-0.008440286,-0.026549816,0.014373779,-0.0084991455,0.0030670166,248.44742,-3.9501185,42.746174
723,134096718145412,0.024309158,0.014965653,-0.0569129,0.011947632,-0.002105713,0.0048217773,248.45778,-3.9537153,42.749752
724,134096723180812,-0.016008377,-0.018206418,0.066297054,0.0053863525,9.0026855E-4,0.0062713623,248.45216,-3.9521356,42.746807
725,134096728216213,-0.01831913,-0.03202045,0.07289076,3.8146973E-4,-0.0019683838,0.0062713623,248.44153,-3.9479842,42.74439
726,134096733251613,0.066488266,0.020382285,0.096178055,-5.79834E-4,-0.010177612,0.0062713623,248.44173,-3.9474063,42.746216
727,134096738287013,0.013354301,0.06049028,0.029872417,0.0017700195,-0.018966675,0.0062713623,248.45198,-3.950541,42.750927
728,134096743322414,0.019492626,-0.008413792,-0.10416126,0.0043640137,-0.023986816,0.0062713623,248.46039,-3.950437,42.762157
729,134096748357814,0.034893513,0.0011542141,-0.0032639503,0.0039978027,-0.02784729,0.0062713623,248.46793,-3.9505775,42.771538
730,134096753393215,0.05476427,0.020174801,0.07801819,0.0018310547,-0.03152466,0.0069274902,248.47511,-3.950959,42.779846
731,134096758428615,0.04827118,-0.038849205,0.1493969,0.0021972656,-0.035217285,0.0067443848,248.47256,-3.9469564,42.787533
732,134096763464015,0.013701916,-0.055097908,0.099624634,0.0068511963,-0.034576416,0.0050354004,248.47067,-3.943675,42.79405
733,134096768499416,0.012542725,-0.04321462,-0.022957802,0.014846802,-0.02947998,0.0028076172,248.48013,-3.9445071,42.80408
734,134096773534816,-0.019116879,-0.019947499,-0.045518875,0.021453857,-0.024765015,-1.5258789E-5,248.49713,-3.9496212,42.81219
735,134096778570217,-0.026797295,0.012422353,-0.082148075,0.022735596,-0.021820068,-0.001876831,248.5216,-3.9582994,42.820282
736,134096783605617,-0.02022934,0.009190738,0.020776749,0.01889038,-0.021743774,-0.002960205,248.54057,-3.9656181,42.82491
737,134096788641017,-0.065736294,-0.0128701925,0.05446911,0.015060425,-0.022766113,-0.005279541,248.55402,-3.971067,42.82747
738,134096795354884,-0.049399376,-0.046522975,0.045305252,0.015167236,-0.023864746,-0.008575439,248.56227,-3.973962,42.830284
739,134096798711818,-0.07807064,-0.037608683,0.015006065,0.017364502,-0.022109985,-0.0104522705,248.5758,-3.979322,42.83323
740,134096803747218,-0.049774647,-0.028822333,-0.08828449,0.018081665,-0.020324707,-0.010818481,248.59557,-3.986194,42.840137
741,134096808782619,-0.026361465,-0.05079642,-0.053871155,0.018081665,-0.017791748,-0.010818481,248.61102,-3.9913442,42.846172
742,134096813818019,-0.02425766,-0.09144941,0.36254692,0.018081665,-0.013809204,-0.010070801,248.60419,-3.9914312,42.836983
743,134096818853420,-0.02172041,-0.08235103,-0.17385769,0.022964478,0.0021514893,-0.008346558,248.61766,-3.9958005,42.84256
744,134096823888820,-0.10104084,0.023432076,-0.43978357,0.029937744,0.028198242,-0.006881714,248.64828,-4.0085287,42.84756
745,134096830358547,-0.04688263,-0.010900974,-0.1729536,0.02357483,0.04119873,-0.005783081,248.66049,-4.0169473,42.84027
746,134096835332912,-0.026326656,0.012274325,0.09879589,0.0070648193,0.03453064,-0.003921509,248.6575,-4.0209684,42.825214
747,134096840337795,-0.02281046,0.01695329,0.14903212,-0.0073242188,0.025039673,-0.0025482178,248.64581,-4.020406,42.811417
748,134096844030422,0.0112257,-0.006436348,0.0077524185,-0.0131073,0.022750854,-0.0022735596,248.63266,-4.0165176,42.80495
749,134096849065822,-0.016473293,-0.015351802,-0.06383228,-0.016174316,0.018325806,-0.0030059814,248.61859,-4.0114393,42.80057
750,134096855321926,0.01002121,-0.0123826265,0.028364182,-0.01953125,0.010055542,-0.004119873,248.60469,-4.006229,42.79675
751,134096860326808,0.043139935,-0.073108524,0.056273937,-0.022003174,0.002090454,-0.0068511963,248.58261,-3.9962893,42.795315
752,134096864172023,-0.030457497,-0.06962845,0.29188442,-0.022506714,-0.0038146973,-0.00843811,248.55258,-3.985865,42.784832
753,134096869207424,0.0075626373,-0.033361048,0.11711788,-0.014175415,0.0016479492,-0.010345459,248.53885,-3.9806767,42.781193
754,134096874242824,0.01745987,-0.02379778,-0.051926613,-0.0034332275,0.020324707,-0.012496948,248.53668,-3.9803104,42.779385
755,134096879278224,-0.005077839,-0.019396365,-0.07618952,0.0019989014,0.03514099,-0.014526367,248.53656,-3.9830043,42.771786
756,134096884313625,-0.0061678886,-0.07405582,-0.06957674,0.0031280518,0.037078857,-0.01423645,248.52832,-3.9819686,42.76392
757,134096889349025,0.01858282,-0.069274604,0.01972866,0.0031280518,0.02709961,-0.014022827,248.51976,-3.9811442,42.755024
758,134096894384426,-0.056425095,-0.102232724,-0.014084339,0.002243042,0.015274048,-0.011398315,248.50737,-3.9778533,42.747963
759,134096899419826,-0.017801285,-0.0993478,-0.011940956,-0.0014648438,0.008728027,-0.009933472,248.49585,-3.9735727,42.74475
760,134096904455226,-0.031640053,-0.09863126,0.032853127,-0.005783081,0.0024414063,-0.0070648193,248.4802,-3.9674397,42.74121
761,134096909490627,0.013400555,-0.0032560527,0.07276821,-0.00982666,-0.0044555664,-0.0048675537,248.47568,-3.9658134,42.739834
762,134096914526027,-0.105042934,-0.04306346,0.09130812,-0.014328003,-0.012329102,-0.0035095215,248.46024,-3.9601188,42.735405
763,134096920293849,-0.107082844,-0.10595712,0.10991192,-0.01777649,-0.018127441,-0.0024261475,248.4336,-3.94857,42.73249
764,134096924596828,0.13389921,-0.13041663,0.11903334,-0.019302368,-0.018325806,-0.0045166016,248.40855,-3.9341865,42.7394
765,134096930395168,0.42718077,0.123853326,0.012403011,-0.020217896,-0.017837524,-0.010940552,248.43262,-3.9379914,42.76019
766,134096935400051,-0.75961447,0.12322983,0.19458723,-0.01864624,-0.02217102,0.005432129,248.41873,-3.9424858,42.72989
767,134096940710109,-0.34330463,-0.42950433,0.08502865,-0.022872925,-0.01576233,0.016906738,248.33804,-3.9073815,42.7214
768,134096945348781,1.8400879,0.41786787,-0.25980902,-0.033081055,-0.014633179,-0.017120361,248.44614,-3.9287636,42.803036
769,134096950323146,-2.3161616,0.028193772,0.3989892,-0.03425598,-0.022354126,0.018005371,248.35648,-3.9213068,42.70724
770,134096955297511,1.9703717,-0.5539162,0.09167576,-0.026550293,-0.019332886,0.014587402,248.3145,-3.8732202,42.784077
