Timestamp,x,y,z,alpha,beta,gamma
12/07/2016 00:03:42:8940,-0.14035061,0.10993719,-0.044487476,0.04272461,-0.0010223389,0.029754639
12/07/2016 00:03:43:0170,-0.048521727,0.07843208,0.043269634,-0.02381897,0.027679443,0.020858765
12/07/2016 00:03:43:0770,0.117373675,0.042634487,0.12271786,0.0025024414,0.0126953125,0.023773193
12/07/2016 00:03:43:1380,-0.08189899,0.073403835,-0.068359375,0.019958496,4.119873E-4,0.011459351
12/07/2016 00:03:43:1980,-0.011329293,0.012438774,-0.088513374,0.004043579,0.017227173,0.031066895
12/07/2016 00:03:43:2580,0.0161978,0.0044546127,-0.10385656,-0.023391724,0.026824951,0.049743652
12/07/2016 00:03:43:3180,0.07229209,-0.048538208,0.020705223,-0.014389038,-0.021011353,0.018814087
12/07/2016 00:03:43:3790,-0.060665995,0.033922195,0.15441847,0.0044555664,-0.0867157,0.04496765
12/07/2016 00:03:43:4390,0.07019302,0.041383743,0.32538033,0.18623352,-0.27017212,-0.03199768
12/07/2016 00:03:43:4990,-0.060027137,-9.441376E-5,0.35966158,0.53948975,-0.5330658,-0.09402466
12/07/2016 00:03:43:5590,-0.36185235,0.1247139,-0.043204308,0.6281891,-0.7360077,0.253891
12/07/2016 00:03:43:6190,0.31339282,-0.18929768,-0.81475306,0.17723083,-0.3352661,0.10675049
12/07/2016 00:03:43:6790,0.5308334,0.11078453,-0.38764095,0.0982666,-0.08343506,-0.08074951
12/07/2016 00:03:43:7390,0.55522627,-0.010760784,0.3177948,0.12939453,-0.17402649,-0.101623535
12/07/2016 00:03:43:7990,-0.2275033,0.04620838,-0.024717808,0.2784729,-0.29457092,-0.044784546
12/07/2016 00:03:43:8590,0.17135686,0.08149147,0.4678712,-0.35647583,0.38061523,-0.157547
12/07/2016 00:03:43:9220,-0.14242959,0.07010651,0.4737873,0.24909973,-0.13786316,0.010559082
12/07/2016 00:03:44:0550,-0.12307125,-0.0067625046,-0.6577349,-0.517807,0.36691284,0.025527954
12/07/2016 00:03:44:0990,-0.32145852,-0.047790527,0.8127103,0.09211731,-0.065719604,0.009216309
12/07/2016 00:03:44:1600,-0.091756225,-0.12489748,-0.6795664,-0.26184082,0.01612854,0.097579956
12/07/2016 00:03:44:2200,0.1414808,0.075473785,0.26153088,-0.10784912,0.03366089,0.028198242
12/07/2016 00:03:44:3400,0.030830204,0.057959557,0.19970465,0.06663513,0.020187378,-0.050750732
12/07/2016 00:03:44:4000,-0.114555836,-0.0679121,-0.2708845,1.5258789E-4,-0.006164551,0.024490356
12/07/2016 00:03:44:4600,0.1876955,-0.07223749,-0.002073288,-0.056259155,0.05392456,0.018173218
12/07/2016 00:03:44:5200,-0.17650467,0.07685661,0.020595074,0.0031280518,0.021209717,0.007751465
12/07/2016 00:03:44:5800,0.26265192,-0.022861004,0.15104723,-0.005554199,0.017562866,-0.011398315
12/07/2016 00:03:44:6410,-0.14352864,-0.0036320686,-0.11203861,-0.0065460205,0.0027313232,-0.00944519
12/07/2016 00:03:44:7010,-0.023305118,-0.06635523,-0.005323887,-0.04360962,0.024032593,0.007019043
12/07/2016 00:03:44:7610,-0.057552814,0.02583599,0.1549964,0.021957397,0.029342651,-0.009094238
12/07/2016 00:03:44:8210,-0.10013965,0.044469833,-0.07883358,-0.010375977,0.032836914,0.029937744
12/07/2016 00:03:44:8810,-0.017550379,-0.039016724,-0.094739914,-0.025924683,0.094329834,0.027954102
12/07/2016 00:03:44:9410,0.12818083,0.019636154,0.003619194,-0.048034668,0.107040405,-0.011077881
12/07/2016 00:03:45:0010,-0.079036176,-0.0145998,-0.124260426,-0.07633972,0.18966675,0.07827759
12/07/2016 00:03:45:0610,-0.21859273,0.09703684,0.07972813,0.00440979,0.13890076,0.074295044
12/07/2016 00:03:45:1210,0.038411766,-0.033316612,-0.11943436,0.012802124,0.13447571,0.03956604
12/07/2016 00:03:45:2410,0.20109072,-0.04725933,-0.08820343,-0.042617798,0.04978943,0.043273926
12/07/2016 00:03:45:3020,0.13894778,-0.027228355,0.10067463,0.009902954,0.020401001,0.0079956055
12/07/2016 00:03:45:3620,0.006469041,-0.026283264,-0.12834501,-0.03062439,0.023986816,0.021499634
12/07/2016 00:03:45:4220,0.038936973,0.001806736,0.10875797,-0.008071899,0.009979248,0.009780884
12/07/2016 00:03:45:4820,-0.028295904,-0.059953213,-0.091243744,-0.026473999,0.024505615,-8.8500977E-4
12/07/2016 00:03:45:5420,-0.007250339,0.001762867,0.05503416,0.0047912598,0.0075531006,-0.00592041
12/07/2016 00:03:45:6020,-0.049330503,0.0024375916,-0.06890869,-0.023727417,0.017745972,0.0135650635
12/07/2016 00:03:45:6620,-0.04844144,-0.015021324,-0.027363777,-0.03492737,0.011779785,0.034301758
12/07/2016 00:03:45:7220,0.034410894,0.031307697,0.09213686,-0.010314941,0.012817383,0.0027160645
12/07/2016 00:03:45:8420,0.019036978,-0.013332367,0.0505805,0.0054626465,-9.460449E-4,0.0075683594
12/07/2016 00:03:45:9030,0.04235503,0.0011940002,0.04059124,-0.0010375977,0.001739502,0.005554199
12/07/2016 00:03:45:9630,-0.08330658,0.08429909,0.14464998,0.05958557,-0.028289795,0.009307861
12/07/2016 00:03:46:0230,-0.029285103,-0.12950754,-0.3423853,-0.03666687,0.020385742,0.008621216
12/07/2016 00:03:46:0830,0.08702004,-0.0014219284,-0.010571957,-0.02709961,-0.010284424,-0.0045928955
12/07/2016 00:03:46:1430,0.07033017,0.024031162,0.025550842,-0.019714355,-0.018798828,-0.028915405
12/07/2016 00:03:46:2030,-0.028631508,0.06190443,0.21207094,-0.027450562,-0.010284424,-0.008544922
12/07/2016 00:03:46:3230,-0.011120737,0.0056328773,0.0033445358,0.011672974,-0.024475098,-0.023666382
12/07/2016 00:03:46:3840,-0.17696258,0.016839981,-0.058256626,0.010223389,-0.009490967,0.0052337646
12/07/2016 00:03:46:4430,0.01898101,-0.015858173,-0.10865259,-0.0037078857,0.008407593,0.005935669
12/07/2016 00:03:46:5040,0.034413606,-0.012167931,-0.026286602,-0.019042969,0.005142212,0.0013885498
12/07/2016 00:03:46:5640,-0.012470603,-0.015322685,0.027941704,-0.021209717,-0.0051574707,0.0013122559
12/07/2016 00:03:46:6240,0.06995323,0.0055861473,-0.06011486,-0.024353027,-0.003326416,-0.0056762695
12/07/2016 00:03:46:6840,-0.10256606,0.008128166,0.0959959,-0.0065612793,-0.0045318604,0.007598877
12/07/2016 00:03:46:7440,0.008177429,0.017474174,0.015356064,-0.008239746,0.0034942627,0.012161255
12/07/2016 00:03:46:8040,-0.0501723,0.009084225,-0.019994736,-1.373291E-4,0.009857178,0.012908936
12/07/2016 00:03:46:8640,0.04846868,-0.017425537,0.014606476,-0.0069122314,-6.1035156E-5,-0.002532959
12/07/2016 00:03:46:9240,-0.03464493,-0.02161169,-0.059267044,-0.007293701,-0.0074005127,5.187988E-4
12/07/2016 00:03:47:0490,0.04508829,-0.009478569,-0.032310486,-0.021331787,-0.0015869141,-0.003967285
12/07/2016 00:03:47:1210,-0.027592361,0.0087246895,0.0641675,-0.0074768066,-0.005203247,-0.0090789795
12/07/2016 00:03:47:1710,-0.028067738,-0.0038070679,-5.097389E-4,-0.0090789795,0.0071868896,0.0012512207
12/07/2016 00:03:47:2320,-0.041977435,0.041000366,0.09588003,0.0014648438,0.0012207031,0.005706787
12/07/2016 00:03:47:2910,0.08472967,-0.0030293465,0.13653183,-0.048797607,0.028427124,0.013916016
12/07/2016 00:03:47:4110,0.013092518,-0.043724537,-0.10354757,0.004470825,-0.0039520264,-0.008804321
12/07/2016 00:03:47:4710,0.0016386509,-0.010492325,-0.023759365,-0.02230835,0.014633179,-0.0026397705
12/07/2016 00:03:47:5370,0.012070954,0.06511879,0.14967346,-0.018478394,-0.004547119,-0.0072631836
12/07/2016 00:03:47:5920,-0.1792247,-0.02550888,-0.11233091,-0.0385437,0.02394104,0.018035889
12/07/2016 00:03:47:6500,0.036366552,0.02311039,0.1313901,-0.032699585,0.01600647,0.020217896
12/07/2016 00:03:47:7720,0.030159026,-0.02620411,-0.1432662,-0.0031738281,0.0069122314,-7.324219E-4
12/07/2016 00:03:47:8320,0.06169939,0.013823986,0.012594223,-0.0072021484,0.006881714,0.0077667236
12/07/2016 00:03:47:8910,-0.002124548,-0.006752968,0.015727043,-0.0131073,0.006149292,-0.0036773682
12/07/2016 00:03:47:9450,-0.014903486,0.013975143,0.02587986,-0.020904541,0.008728027,-0.0074157715
12/07/2016 00:03:48:0050,-0.043382287,0.025550842,0.0029029846,-0.015182495,0.034194946,0.001663208
12/07/2016 00:03:48:0650,-0.022340447,-0.031187057,-0.1039958,-0.022567749,0.015396118,-0.0027923584
12/07/2016 00:03:48:1250,-0.059130907,0.01866293,0.15368128,-0.047531128,0.043685913,0.022994995
12/07/2016 00:03:48:1850,0.06381649,0.0044784546,0.028932095,-0.006225586,0.03427124,0.016860962
12/07/2016 00:03:48:2450,-0.001013577,-0.06051588,-0.11861706,-0.025039673,0.03755188,-3.6621094E-4
12/07/2016 00:03:48:3050,0.0748205,0.012713432,0.0016236305,-0.029205322,0.04788208,0.025894165
12/07/2016 00:03:48:4250,-0.056481436,0.023519993,-0.096096516,-0.06788635,0.1398468,-0.03794861
12/07/2016 00:03:48:4850,-0.08535822,-0.011713505,0.021109581,-0.06893921,0.13323975,-0.016189575
12/07/2016 00:03:48:5450,0.15948546,0.03323078,0.13465929,-0.08728027,0.21238708,-0.0057678223
12/07/2016 00:03:48:6060,-0.050611574,-0.045200348,-0.04157257,-0.058654785,0.1834259,-0.056533813
12/07/2016 00:03:48:6680,-0.040903717,0.026804924,2.89917E-4,-0.0793457,0.1446991,-0.027175903
12/07/2016 00:03:48:7270,-0.047377646,-0.012440681,0.07224512,-0.01612854,0.038406372,-0.0025482178
12/07/2016 00:03:48:7870,0.05774729,-0.039336205,-0.021921158,-0.046279907,0.07771301,-0.019577026
12/07/2016 00:03:48:8470,0.011105657,-0.036830425,-0.01088953,-0.07141113,0.14996338,-0.01687622
12/07/2016 00:03:48:9670,-0.022177339,0.02775526,0.13313961,-0.06285095,0.11505127,-0.027191162
12/07/2016 00:03:49:0270,0.007178545,-0.03190708,-0.034664154,0.0146484375,0.041992188,-0.0128479
12/07/2016 00:03:49:0870,-0.043731898,-0.0021862984,-0.027829647,0.01940918,-0.0024414063,-0.016204834
12/07/2016 00:03:49:1470,-0.009156495,-0.022966385,-0.05333662,0.030075073,-0.0025177002,-0.016281128
12/07/2016 00:03:49:2080,-0.054995,0.008974552,0.06304884,-0.023132324,-3.8146973E-4,-0.012466431
12/07/2016 00:03:49:2680,-0.046300888,0.027080536,0.0893693,0.0029144287,-0.0022125244,0.0051116943
12/07/2016 00:03:49:3280,-0.05062747,0.018707752,-0.0549016,-0.0067443848,0.010650635,0.0048828125
12/07/2016 00:03:49:3880,-0.055680156,0.035930157,0.09314251,0.03942871,-0.010391235,0.026947021
12/07/2016 00:03:49:4470,0.009380251,-0.05725193,-0.10612726,0.0014648438,0.0098724365,0.01940918
12/07/2016 00:03:49:5090,0.09287813,0.017838001,0.043907166,0.009643555,-0.0022735596,0.017730713
12/07/2016 00:03:49:5680,7.4341893E-4,-0.035850048,-0.13928223,-0.003036499,0.005218506,0.012420654
12/07/2016 00:03:49:6280,0.006938547,0.030593872,0.15491056,-0.020523071,-0.004760742,5.340576E-4
12/07/2016 00:03:49:7480,0.016889334,-0.018148422,-0.09244108,0.024978638,-0.014663696,-2.1362305E-4
12/07/2016 00:03:49:8120,-0.03509572,-0.009376049,-0.051837444,-0.0057525635,0.004638672,-0.0066375732
12/07/2016 00:03:49:8740,0.07677007,0.009025097,0.026904583,0.0038604736,0.0026397705,-2.4414063E-4
12/07/2016 00:03:49:9330,4.0656328E-4,0.027606964,0.036900997,0.034576416,-0.021209717,-0.010513306
12/07/2016 00:03:49:9950,0.0030199587,-0.037041187,-0.057396412,0.017181396,-0.016036987,-0.032226563
12/07/2016 00:03:50:0500,-0.058263063,0.021461964,-0.010866165,0.00831604,-0.011398315,-0.013534546
12/07/2016 00:03:50:1090,-0.060863733,0.040198803,-0.078573704,0.08660889,-0.038101196,-0.023742676
12/07/2016 00:03:50:2290,0.041374803,-0.008224487,0.092918396,0.047470093,-0.030334473,0.010772705
12/07/2016 00:03:50:2890,-0.027308613,-0.03434992,-0.24817276,0.07131958,-0.031066895,-0.003250122
12/07/2016 00:03:50:3490,0.07468593,0.022508621,0.010191917,-0.016021729,-0.009490967,0.013916016
12/07/2016 00:03:50:4090,-0.04344493,0.06232834,0.0604043,0.0052948,-0.03050232,-0.0032653809
12/07/2016 00:03:50:4690,0.021927178,0.03398466,0.06859064,0.011001587,-0.027038574,0.017410278
12/07/2016 00:03:50:5290,-0.21779418,0.06930876,0.01403904,0.0073394775,-0.0053253174,0.03955078
12/07/2016 00:03:50:5890,0.013415396,0.0370512,0.27118254,0.024169922,0.004714966,0.052993774
12/07/2016 00:03:50:6490,-0.25570115,0.033542633,0.09456873,0.15306091,0.065979004,0.04498291
12/07/2016 00:03:50:7690,-0.3081878,-0.030768871,-0.15960598,0.1413269,-0.07710266,0.15704346
12/07/2016 00:03:50:8300,-0.06468248,-0.18324327,-0.78916264,0.18696594,0.057022095,0.15312195
12/07/2016 00:03:50:8900,0.22343343,-0.17245007,-0.48071957,0.06967163,0.15805054,0.16885376
12/07/2016 00:03:50:9500,0.7816652,-0.2673807,-0.4804988,-0.01222229,0.052474976,0.21398926
12/07/2016 00:03:51:0100,1.096739,-0.38963652,-0.026957989,-0.08340454,0.030700684,0.115371704
12/07/2016 00:03:51:0700,0.75907457,0.006506443,0.7405181,-0.06237793,0.034469604,-0.06867981
12/07/2016 00:03:51:1300,0.0030316785,-0.06828642,0.05510235,0.11164856,-0.04273987,-0.10041809
12/07/2016 00:03:51:1900,-0.1083862,-0.067287445,-0.43129492,0.045455933,-0.023986816,-0.11047363
12/07/2016 00:03:51:2500,-0.34882525,0.030227184,-0.377069,-0.0073242188,0.009963989,-0.0025482178
12/07/2016 00:03:51:3100,0.1349118,-0.0753808,-0.058928967,-0.04536438,0.039001465,3.9672852E-4
12/07/2016 00:03:51:3700,0.089082345,-0.016294003,0.19131136,0.03173828,0.049835205,-0.018966675
12/07/2016 00:03:51:4310,0.008234814,-0.0474329,-0.05922413,0.015426636,0.0063934326,7.6293945E-5
12/07/2016 00:03:51:4900,-0.08623132,-0.010406971,-0.18965197,-0.009750366,0.016281128,0.030639648
12/07/2016 00:03:51:5520,0.08993088,-0.0202322,-0.042651176,0.0058288574,0.0072784424,0.015563965
12/07/2016 00:03:51:6110,-0.010387063,-0.004902363,0.05478859,-0.0032196045,-6.4086914E-4,-0.0013427734
12/07/2016 00:03:51:7310,-0.012963191,-0.024617672,-0.107041836,-0.0039978027,0.006958008,0.027389526
12/07/2016 00:03:51:7910,0.049010515,0.0055389404,0.102826595,-0.007583618,0.0057678223,0.02268982
12/07/2016 00:03:51:8510,0.06614764,-0.04677391,0.013678074,0.03147888,-0.005874634,0.025848389
12/07/2016 00:03:51:9110,0.102766976,-0.06850338,-0.12591219,0.0051727295,-0.0028686523,0.004486084
12/07/2016 00:03:51:9710,0.08324529,-0.04067993,-0.11535263,0.017425537,-0.007385254,0.014144897
12/07/2016 00:03:52:0910,0.038473383,0.0051965714,-0.030712128,0.003921509,-0.0014801025,0.009918213
12/07/2016 00:03:52:1520,-0.01850336,0.020947933,0.118792534,0.009307861,-0.0012664795,0.008331299
12/07/2016 00:03:52:2110,0.00597582,-0.032493114,-0.0657773,0.027511597,-0.0032043457,0.013168335
12/07/2016 00:03:52:2720,0.043002583,-0.052551746,-0.10640478,0.006454468,-0.001083374,0.0075531006
12/07/2016 00:03:52:3320,-0.003936082,-0.0028419495,-0.0054636,-0.012023926,0.0039520264,0.018371582
12/07/2016 00:03:52:3920,0.07468659,-0.008955479,0.09574509,-0.0022583008,-0.0047454834,0.002532959
12/07/2016 00:03:52:4520,-0.08696005,-0.010945797,-0.07029581,0.0234375,-0.009963989,0.009170532
12/07/2016 00:03:52:5120,-0.0012387596,0.019134045,0.107708454,-0.0063171387,0.008895874,0.019729614
12/07/2016 00:03:52:6320,0.11625461,-0.05365467,0.0180974,0.015319824,0.0016326904,0.019348145
12/07/2016 00:03:52:6920,0.048499525,-7.543564E-4,-0.15742636,0.021057129,-0.012039185,-0.0027313232
12/07/2016 00:03:52:7520,-0.024553489,-0.016788006,-0.0033192635,-0.0041656494,0.0023956299,-0.0079193115
12/07/2016 00:03:52:8120,0.0019084029,-0.0027108192,0.007446766,-0.012268066,0.005630493,-0.003768921
12/07/2016 00:03:52:8720,-0.022728693,0.04507637,0.1061635,0.0075531006,0.04168701,-0.022155762
12/07/2016 00:03:52:9330,-0.07574846,0.025779247,-2.89917E-4,0.03236389,0.084487915,-0.018310547
12/07/2016 00:03:53:0210,-0.051857814,0.005106926,-0.06326008,-0.0014038086,0.0019073486,-0.0034484863
12/07/2016 00:03:53:0510,0.021150827,-0.011009216,-0.04562092,0.0010528564,0.011154175,0.017913818
12/07/2016 00:03:53:1120,0.028876565,0.04340601,0.06340313,-0.008956909,0.0011291504,0.011260986
12/07/2016 00:03:53:2330,-0.088771746,-0.06252098,-0.18045759,-0.0060272217,-0.0050354004,0.0062713623
12/07/2016 00:03:53:2930,0.004530728,-0.0028471947,0.085011005,0.0074157715,-0.0035705566,0.007385254
12/07/2016 00:03:53:3530,0.0035684928,0.061187744,0.13029623,-0.016983032,0.014678955,0.011367798
12/07/2016 00:03:53:4130,0.06023132,-0.05046034,-0.10368109,0.023422241,-0.0022888184,0.016052246
12/07/2016 00:03:53:4790,0.029930085,0.0035157204,0.0457201,-0.005493164,0.0038452148,0.009597778
12/07/2016 00:03:53:5390,0.052675895,0.015878677,-0.023757935,-0.0016784668,-0.0016937256,0.0010223389
12/07/2016 00:03:53:6060,0.06420049,-0.037013054,0.01276207,-0.00869751,-0.006149292,-0.005218506
12/07/2016 00:03:53:6680,-0.083639465,0.031197071,0.06345844,-1.8310547E-4,-0.0028381348,-0.010971069
12/07/2016 00:03:53:7260,0.035274275,-0.05266142,-0.07299042,-0.020690918,-2.1362305E-4,-0.0022583008
12/07/2016 00:03:53:7880,0.05707092,-0.04698944,-0.1055727,0.0056762695,0.01171875,-0.002456665
12/07/2016 00:03:53:9080,-0.009296387,0.0038890839,-0.009482384,0.0134887695,5.645752E-4,-0.007171631
12/07/2016 00:03:53:9660,0.21250345,-0.032925606,0.28658772,0.023498535,-0.0069885254,-6.1035156E-5
12/07/2016 00:03:54:0230,-0.055103764,0.020040512,0.0442791,0.0945282,-0.028366089,-0.07022095
12/07/2016 00:03:54:0880,-0.04335262,-0.030038834,-0.079844475,0.18588257,-0.07484436,-0.06880188
12/07/2016 00:03:54:1430,-0.07152983,0.037350178,0.045385838,0.19685364,-0.21812439,-0.05444336
12/07/2016 00:03:54:2050,-0.006569477,0.023749352,-0.097307205,0.21910095,-0.2667694,-0.04850769
12/07/2016 00:03:54:2680,-0.0022482164,-0.1866641,-0.35379696,0.1544342,-0.4167328,-0.14343262
12/07/2016 00:03:54:3270,-0.104732655,0.048854828,-0.10741806,0.069122314,-0.42240906,-0.14793396
12/07/2016 00:03:54:3890,0.1322735,0.1888752,-3.7173195,0.27098083,-0.36532593,-0.15345764
12/07/2016 00:03:54:4960,0.09452831,-0.1640606,-0.17070007,-0.29922485,0.07035828,-0.16958618
12/07/2016 00:03:54:5560,-0.15145674,0.2525282,-0.03468609,0.2829132,0.10093689,-0.031723022
12/07/2016 00:03:54:6140,-0.8805615,-0.08966875,0.48205566,-0.6116638,0.5154419,-0.040527344
12/07/2016 00:03:54:6740,0.0074882656,-0.14398575,-0.46024036,0.05229187,0.0071105957,0.08103943
12/07/2016 00:03:54:7340,0.2676931,0.08588219,0.5652776,-0.25935364,0.25935364,0.12399292
12/07/2016 00:03:54:7940,-0.11891317,-0.0022354126,0.08247137,0.0022735596,0.058441162,0.006439209
12/07/2016 00:03:54:8550,-0.005277872,0.023337841,0.17214823,-0.022033691,0.03916931,0.04637146
12/07/2016 00:03:54:9140,-0.079048604,-0.01076889,-0.09297371,0.007537842,0.018478394,0.014480591
12/07/2016 00:03:55:0350,0.12023516,0.022876263,0.24712372,-0.057540894,0.014038086,0.040634155
12/07/2016 00:03:55:0940,-0.061298117,0.048662186,0.08091211,-0.05041504,0.031433105,0.035888672
12/07/2016 00:03:55:1550,0.012183949,-0.065544605,-0.12755966,0.044174194,0.0037384033,0.019012451
12/07/2016 00:03:55:2140,-0.100232124,0.036988735,0.042390347,-0.035247803,0.016082764,0.016113281
12/07/2016 00:03:55:2750,0.06288391,0.040934086,0.26176357,-0.06150818,0.0030822754,0.05279541
12/07/2016 00:03:55:3340,0.12941934,-0.030857563,0.07996988,0.033569336,0.009765625,0.031295776
12/07/2016 00:03:55:3950,-4.0398538E-4,0.0027308464,-0.074802876,0.027053833,0.01802063,-0.0013580322
12/07/2016 00:03:55:4550,0.08573831,-0.024174213,0.004225731,-0.010604858,0.014129639,0.02243042
12/07/2016 00:03:55:5150,-0.004048787,0.0019545555,0.011846542,-0.017807007,-0.018569946,-0.0062561035
12/07/2016 00:03:55:5750,-0.14731345,0.021500587,0.083239555,-0.019012451,-0.001159668,0.010345459
12/07/2016 00:03:55:6350,-0.04094673,0.033584595,0.095975876,0.005355835,0.009674072,0.012161255
12/07/2016 00:03:55:6960,-0.0094223395,0.028050423,0.034008026,0.010864258,-0.0018157959,0.02911377
12/07/2016 00:03:55:7560,0.039523825,-0.055059433,-0.098838806,-0.013641357,0.008148193,0.017456055
12/07/2016 00:03:55:8160,0.07853022,0.010758877,0.015282631,-0.015350342,-0.0025482178,0.0116119385
12/07/2016 00:03:55:8760,0.04554461,-0.021648884,0.012797356,-0.00894165,0.0043029785,-0.0031433105
12/07/2016 00:03:55:9360,0.011095062,-0.02520132,-0.011462212,-0.01626587,-0.0036010742,-0.0038146973
12/07/2016 00:03:55:9970,-0.009526357,0.0015850067,0.05585766,-0.018188477,-0.0070343018,-0.007461548
12/07/2016 00:03:56:0560,-0.036167108,-0.013587475,0.04942608,-0.009307861,0.0019226074,-8.69751E-4
12/07/2016 00:03:56:1160,-0.013738781,0.024644852,-0.014300346,0.012680054,-0.009246826,0.010391235
12/07/2016 00:03:56:2360,0.040939644,-0.0682559,-0.07453632,-0.012283325,0.004776001,0.007156372
12/07/2016 00:03:56:2960,0.05648148,0.031255245,0.08035803,-0.0090789795,-0.0069885254,-0.0035858154
12/07/2016 00:03:56:3560,-0.13651279,0.001955986,-0.029297829,-0.007446289,-0.010101318,0.004272461
12/07/2016 00:03:56:4170,0.025529414,-0.009418011,0.027859211,-0.011764526,0.0066375732,0.008666992
12/07/2016 00:03:56:4770,-0.06405151,0.0575037,0.086649895,0.009902954,-0.0032348633,0.013961792
12/07/2016 00:03:56:5370,0.019693129,-0.06891298,-0.11262369,-0.017730713,0.01020813,0.004257202
12/07/2016 00:03:56:5970,-0.0587205,0.011023998,0.0026426315,-0.009185791,0.0030212402,0.023635864
12/07/2016 00:03:56:6600,0.039325334,-0.023627281,-0.09177303,-0.016220093,-0.0020751953,0.0065612793
12/07/2016 00:03:56:7170,0.01931474,0.027097702,0.12058449,-0.016464233,0.0051727295,0.0053863525
12/07/2016 00:03:56:8370,0.053790834,3.5333633E-4,-0.0595088,-0.011276245,-0.0028839111,0.0031585693
12/07/2016 00:03:56:8970,-0.06553127,0.011041641,0.005265236,-0.015060425,0.009231567,0.008865356
12/07/2016 00:03:56:9590,0.048210964,-0.008815289,0.046506405,-0.0062408447,-0.004425049,-0.0012207031
12/07/2016 00:03:57:0180,-0.024623316,-0.0075974464,-0.025652409,-0.007965088,-4.7302246E-4,0.002670288
12/07/2016 00:03:57:0770,0.031222563,-0.019206524,-0.003030777,-0.01663208,3.2043457E-4,-0.006088257
12/07/2016 00:03:57:1380,-0.0065635033,0.036487103,0.012024403,-0.0068511963,-0.0015411377,-9.765625E-4
12/07/2016 00:03:57:1980,-0.097167164,0.0041775703,0.0627799,0.0037994385,-9.1552734E-5,0.0065307617
12/07/2016 00:03:57:2580,0.044977948,-0.02630043,-0.09999418,-0.0107421875,-4.7302246E-4,0.008529663
12/07/2016 00:03:57:3180,6.135553E-5,-0.03882408,-0.017668247,0.017410278,-0.0068969727,6.1035156E-4
12/07/2016 00:03:57:4380,0.025021747,-0.03567028,-0.109128,-0.021011353,0.007827759,-0.002166748
12/07/2016 00:03:57:4980,0.04921393,0.044315338,0.05647087,-0.013015747,3.9672852E-4,-7.6293945E-4
12/07/2016 00:03:57:5580,0.04503645,5.6505203E-4,-0.040165424,-0.006210327,-0.010940552,-0.0098724365
12/07/2016 00:03:57:6180,-0.046302877,-0.030137062,0.042800426,-0.0036315918,0.0015716553,-0.016555786
12/07/2016 00:03:57:6780,-0.09652874,0.040462494,0.031502724,0.006454468,-0.0011291504,0.0031585693
12/07/2016 00:03:57:7480,-0.027529813,0.0030703545,-0.001229763,0.0046844482,0.0016479492,0.0029144287
12/07/2016 00:03:57:8070,0.030809894,-0.0062799454,-0.016504288,0.0026245117,0.0033416748,6.5612793E-4
12/07/2016 00:03:57:8670,0.028908182,-0.014734745,0.013930321,0.011978149,-0.0048980713,-3.2043457E-4
12/07/2016 00:03:57:9270,-0.12323242,0.031564713,-0.01234293,0.010177612,0.002822876,0.012161255
12/07/2016 00:03:58:0480,0.034621093,2.7751923E-4,0.10357332,-0.0071411133,0.0095825195,0.029373169
12/07/2016 00:03:58:1060,0.022562034,-0.017950058,0.0048031807,0.015716553,0.0029907227,0.0069122314
12/07/2016 00:03:58:2280,0.026094964,-0.06743193,-0.28202486,0.028533936,-0.008895874,0.003982544
12/07/2016 00:03:58:2880,0.0039627887,0.0037560463,-0.045889378,-0.010101318,0.006500244,-0.0035095215
12/07/2016 00:03:58:3470,0.020063033,0.022889137,0.2539606,-0.032974243,0.009475708,-0.0010986328
12/07/2016 00:03:58:4070,-0.028722964,-0.038046837,-0.089715004,0.023880005,-0.01776123,-0.011703491
12/07/2016 00:03:58:4680,-0.10817332,0.06037855,-0.014868259,-0.013442993,0.0012359619,-0.0039520264
12/07/2016 00:03:58:5280,0.0077411495,0.011350632,0.022320747,-5.645752E-4,0.002822876,0.012878418
12/07/2016 00:03:58:5890,-0.030817673,-0.014062405,0.013407707,0.0045776367,0.011779785,0.0155181885
12/07/2016 00:03:58:6490,0.06300003,-0.036958218,-0.028178215,0.001159668,0.0022583008,0.009384155
12/07/2016 00:03:58:7060,0.06015352,0.011967659,0.025078297,-0.017791748,-0.0027618408,-0.0011444092
12/07/2016 00:03:58:7670,-0.04936418,0.012541771,0.03374195,-0.0027313232,-0.008239746,-0.0040740967
12/07/2016 00:03:58:9010,-0.09528893,0.015259743,0.055861473,0.0073394775,-7.6293945E-4,0.013931274
12/07/2016 00:03:58:9560,-0.037132747,-0.04172659,-0.08135128,0.017196655,0.002746582,0.021911621
12/07/2016 00:03:59:0160,0.06863321,-0.017467022,-0.042155743,0.0073394775,5.493164E-4,0.03691101
12/07/2016 00:03:59:0800,-0.029304521,0.038175106,0.029179573,-0.0042266846,0.010482788,0.02822876
12/07/2016 00:03:59:1390,0.10199547,-0.012327671,0.0606308,-0.006011963,0.0015716553,0.040023804
12/07/2016 00:03:59:2010,-0.019337699,0.019416332,0.09951019,0.012069702,-0.015716553,0.03552246
12/07/2016 00:03:59:2600,-0.22065115,0.10142851,0.033973217,0.03543091,-0.08807373,0.06985474
12/07/2016 00:03:59:3190,-0.47512996,0.14851856,0.10532236,-0.0045166016,-0.25424194,0.15777588
12/07/2016 00:03:59:3650,-0.5200131,0.016777515,-0.024484634,-0.020812988,-0.18525696,0.4499817
12/07/2016 00:03:59:4250,0.31564844,-0.10460281,0.44964457,-0.08834839,-0.19703674,0.5465393
12/07/2016 00:03:59:5500,0.17078936,-0.061758995,-0.10449839,0.1485138,-0.28341675,0.4465027
12/07/2016 00:03:59:6080,0.27738702,-0.2992649,-0.5671916,0.35255432,-0.08291626,0.42832947
12/07/2016 00:03:59:6810,0.55260324,-0.30697918,-0.6719513,0.2538147,0.034729004,0.34155273
12/07/2016 00:03:59:7400,0.35689664,-0.18475485,-0.111635685,0.07583618,0.11061096,0.21951294
12/07/2016 00:03:59:8000,0.5140512,-0.20971537,-0.23851156,0.05064392,0.07777405,0.19354248
12/07/2016 00:03:59:8560,0.6663859,-0.14229345,0.04898405,-0.0099487305,-0.0038604736,-0.0018005371
12/07/2016 00:03:59:9210,-0.0596534,-0.09652805,-0.1830883,-0.0062408447,0.010696411,-0.006362915
12/07/2016 00:03:59:9780,0.2972803,-0.087156296,-0.04637623,-0.069366455,0.0066223145,-0.018478394
12/07/2016 00:04:00:0500,-0.04279208,-0.048920155,-0.03413534,5.187988E-4,-0.012573242,-0.045043945
12/07/2016 00:04:00:1420,-0.07529676,0.031530857,0.13209295,-0.033828735,3.8146973E-4,-0.026855469
12/07/2016 00:04:00:2020,0.09170914,-0.07329273,-0.21506071,0.013504028,-0.0077209473,0.0014648438
12/07/2016 00:04:00:2630,0.09808946,-0.051905155,0.071602345,-0.030426025,0.02949524,-0.020111084
12/07/2016 00:04:00:3240,-0.01582563,-0.005999565,0.0027327538,0.0017547607,0.0068359375,-0.026473999
12/07/2016 00:04:00:3950,0.031522274,-0.031193733,0.006351948,-0.00289917,-0.0048217773,0.0012664795
12/07/2016 00:04:00:4450,0.067427516,0.003853321,0.19245481,9.0026855E-4,0.0016784668,0.006439209
12/07/2016 00:04:00:5660,0.111188054,-0.011059284,0.15179539,-0.02583313,0.020431519,0.020996094
12/07/2016 00:04:00:6270,0.07265735,-0.05929041,-0.17456388,0.026321411,-0.0042877197,0.0076446533
12/07/2016 00:04:00:6820,0.062737346,-0.037198067,-0.09511757,0.015945435,-0.0069732666,0.002456665
12/07/2016 00:04:00:7420,0.095160246,6.0653687E-4,-0.03179884,-0.011154175,-1.0681152E-4,-0.0064697266
12/07/2016 00:04:00:8020,-0.018661499,0.020346165,0.034931183,-0.013931274,-0.017791748,-0.022369385
12/07/2016 00:04:00:8620,0.04230821,0.005844116,0.034285545,0.0045318604,-0.02267456,-0.013824463
12/07/2016 00:04:00:9220,-0.018146634,-0.036260128,0.051054955,0.009063721,-0.017074585,-0.026443481
12/07/2016 00:04:00:9820,-0.020144224,0.026853085,0.007237911,0.041885376,-0.032562256,-0.030014038
12/07/2016 00:04:01:0420,-0.10480738,0.04875803,0.07226229,-0.0056915283,-0.006378174,-7.019043E-4
12/07/2016 00:04:01:1630,-0.013734102,-0.009513378,-0.10132313,0.009963989,-0.005722046,-0.016616821
12/07/2016 00:04:01:2230,0.054917097,-0.058331966,-0.035080433,0.014678955,0.009613037,0.004852295
12/07/2016 00:04:01:2830,0.094509125,0.0032901764,0.09868288,-0.018035889,0.0010070801,0.022155762
12/07/2016 00:04:01:3430,0.06672573,0.013656139,0.1217432,-0.01977539,0.0026855469,-0.0019989014
12/07/2016 00:04:01:4030,-0.01937306,-0.02607727,-0.2461071,0.035827637,-0.0033416748,-0.014984131
12/07/2016 00:04:01:4630,-0.120450854,0.04698801,-0.052241325,-0.017044067,0.010757446,-0.010559082
12/07/2016 00:04:01:5230,0.07273364,0.012047768,0.08430529,-0.008453369,0.009155273,0.02418518
12/07/2016 00:04:01:5830,-0.072140574,0.030531406,0.07878208,-0.014694214,-0.0119018555,-0.0034942627
12/07/2016 00:04:01:6440,-0.12080157,0.04897642,0.082602024,0.010070801,-0.011413574,0.031448364
12/07/2016 00:04:01:7640,0.0017915964,0.07159376,0.18852663,-0.0031585693,0.008453369,0.019348145
12/07/2016 00:04:01:8240,-0.15868247,0.054075718,0.16765833,0.031784058,-0.0016784668,0.04774475
12/07/2016 00:04:01:8840,-0.23086631,-0.015602589,-0.19150352,0.07637024,-0.0107421875,0.054336548
12/07/2016 00:04:01:9440,0.13183105,-0.15631485,-0.40706968,0.090270996,0.0025177002,0.108688354
12/07/2016 00:04:02:0040,0.5627055,-0.12980413,0.064587116,-0.003753662,0.027526855,0.106292725
12/07/2016 00:04:02:0640,0.08264494,0.11802578,0.3688197,-0.015930176,-0.004714966,9.0026855E-4
12/07/2016 00:04:02:1250,-0.10976887,0.016886234,0.022827625,0.06858826,-0.07974243,-6.5612793E-4
12/07/2016 00:04:02:1850,-0.18337417,0.06044197,-0.044171333,0.04866028,-0.07131958,0.036514282
12/07/2016 00:04:02:2440,-0.23973155,0.0032997131,-0.143816,0.08204651,-0.03642273,0.05781555
12/07/2016 00:04:02:3050,-0.031171322,-0.004813671,-0.10377169,0.058395386,-0.03147888,0.098083496
12/07/2016 00:04:02:3650,-0.03257346,-0.093869686,-0.3029952,0.024520874,-0.0044403076,0.11439514
12/07/2016 00:04:02:4250,0.27010703,-0.01281023,0.16198206,-0.026107788,-9.918213E-4,0.10159302
12/07/2016 00:04:02:5450,0.10378432,-0.09813261,-0.025945187,0.018966675,-0.026657104,0.048812866
12/07/2016 00:04:02:6050,0.23369217,-0.15249062,-0.16924334,0.016036987,-0.030593872,0.034454346
12/07/2016 00:04:02:6650,-0.20913911,0.11829138,0.0561347,-0.04107666,-0.02998352,-0.028656006
12/07/2016 00:04:02:7250,-0.03178358,0.05579996,0.12754297,-0.012863159,-0.018676758,0.0010681152
12/07/2016 00:04:02:7850,0.02316928,-0.0015854836,0.033829212,0.010360718,-0.0093688965,-0.0024414063
12/07/2016 00:04:02:8450,-0.028811693,0.05968237,0.119529724,0.020339966,-0.0043640137,0.0054779053
12/07/2016 00:04:02:9050,0.13642812,-0.11546707,-0.18267775,0.031570435,-0.004547119,-0.010574341
12/07/2016 00:04:02:9660,0.015376568,-0.0023646355,-0.06043434,-0.0033416748,0.010879517,-0.051513672
12/07/2016 00:04:03:0260,-0.13040996,0.003985405,-0.18756008,-0.008850098,0.03552246,-0.033813477
12/07/2016 00:04:03:0860,-0.07525134,0.103536606,0.36486626,-0.08085632,0.07015991,-0.05267334
12/07/2016 00:04:03:2060,0.040398836,0.13901854,0.38923693,-0.043563843,0.062316895,-0.047470093
12/07/2016 00:04:03:2660,-0.07556248,0.06585741,0.044518948,0.03529358,0.03794861,-0.06535339
12/07/2016 00:04:03:3260,0.07759833,-0.09318018,-0.20794487,0.048049927,-0.010391235,-0.036514282
12/07/2016 00:04:03:3860,0.12099075,-0.065062046,-0.22347355,-0.024612427,-0.021972656,-0.05680847
12/07/2016 00:04:03:4460,-0.21735549,0.09711504,0.21326971,-0.045898438,-0.03793335,-0.065719604
12/07/2016 00:04:03:5660,-0.19489098,0.015202045,-0.05733919,-0.026123047,-0.026184082,-0.071014404
12/07/2016 00:04:03:6270,-0.12594438,0.06712198,0.10958147,-0.012802124,-0.022079468,-0.012176514
12/07/2016 00:04:03:6870,-0.01016736,0.048733234,0.008777142,-0.008529663,-0.0099487305,-0.005554199
12/07/2016 00:04:03:7550,-0.13286734,0.041902065,0.04295063,0.0068359375,-4.8828125E-4,0.004486084
12/07/2016 00:04:03:8130,0.015121937,0.009047508,-0.053694725,0.017501831,0.0034179688,0.026657104
12/07/2016 00:04:03:8710,0.04616356,-0.016756535,0.0026750565,0.0024108887,0.0034637451,0.02909851
12/07/2016 00:04:03:9330,0.033013344,0.013825893,0.06963873,0.008270264,0.0096588135,0.029876709
12/07/2016 00:04:03:9960,0.07406378,-0.028052807,-0.088094234,0.015396118,0.002319336,0.028686523
12/07/2016 00:04:04:0530,-0.018635035,-0.018476486,-0.06864977,0.022567749,0.004135132,0.019821167
12/07/2016 00:04:04:1120,-0.028163195,0.022562504,-0.0116176605,-6.713867E-4,0.012145996,0.034332275
12/07/2016 00:04:04:2410,0.04350066,-0.0024385452,0.07879305,0.0049743652,-0.003540039,0.024612427
12/07/2016 00:04:04:3010,0.083390474,-0.039601326,-0.07273722,0.029510498,-0.005279541,0.018859863
12/07/2016 00:04:04:3550,0.011069298,-0.015244484,0.063382626,7.324219E-4,0.0030212402,0.014099121
12/07/2016 00:04:04:4220,0.027955532,-0.05226946,-0.13540268,0.02128601,-0.0041656494,1.2207031E-4
12/07/2016 00:04:04:4800,-0.045558214,-0.002957821,-0.032907486,-0.009262085,-0.0046539307,-0.005264282
12/07/2016 00:04:04:5420,0.07380891,-0.0012698174,-0.023961067,0.0018463135,-0.0033111572,0.009552002
12/07/2016 00:04:04:6020,0.016963243,-0.011210918,-0.00999403,-0.0115356445,-0.005508423,-0.016723633
12/07/2016 00:04:04:6540,0.073139906,-0.02372694,0.009235859,-0.020217896,-0.011505127,-0.014053345
12/07/2016 00:04:04:7120,0.009918928,0.038915634,0.16858912,-0.009384155,-0.017456055,-0.025878906
12/07/2016 00:04:04:7730,-0.074323654,-0.05193281,-0.20052624,0.021438599,-0.017745972,-0.015808105
12/07/2016 00:04:04:9030,-0.090958595,0.037891388,-0.04599619,-0.009399414,-0.01473999,-0.026519775
12/07/2016 00:04:04:9610,-0.060845375,0.030920029,0.13238716,-0.026824951,9.918213E-4,-0.0022277832
12/07/2016 00:04:05:0230,0.10008383,-0.016916275,0.0034461021,0.001663208,-0.0077667236,0.0027770996
12/07/2016 00:04:05:0820,-0.074248075,0.03304243,0.06083727,-8.69751E-4,-0.003540039,-0.010391235
12/07/2016 00:04:05:1410,0.0053219795,-0.015429497,0.025267601,0.009674072,4.272461E-4,0.003967285
12/07/2016 00:04:05:2030,-0.020362854,-0.040398598,-0.104671,0.003616333,0.003189087,3.3569336E-4
12/07/2016 00:04:05:2630,0.10380697,0.020252228,0.064460754,-0.027618408,0.0033111572,0.002105713
12/07/2016 00:04:05:3220,-0.0013964176,-0.025781155,-0.006225586,-0.008453369,-0.008468628,-0.018630981
12/07/2016 00:04:05:3830,-0.020542622,0.0058116913,-0.0036649704,0.012054443,-0.0074005127,-0.016586304
12/07/2016 00:04:05:4330,-0.072187185,0.07474041,0.23653746,-0.037750244,0.011581421,-0.0023498535
12/07/2016 00:04:05:5570,0.15409851,-0.01107502,0.07302809,-0.021514893,0.013183594,0.02406311
12/07/2016 00:04:05:6190,-0.12448716,-0.03481579,-0.16800117,0.033203125,-0.018203735,-0.019882202
12/07/2016 00:04:05:6770,-0.062298536,0.03289175,0.036429882,-0.01977539,0.005645752,0.0044555664
12/07/2016 00:04:05:7410,0.0835855,-0.002629757,0.11562252,-0.0048675537,0.0037994385,0.01600647
12/07/2016 00:04:05:8040,-0.009007692,0.012787342,0.04672098,0.013748169,-0.0018005371,0.004470825
12/07/2016 00:04:05:8640,-0.04242158,-0.019730091,-0.19258165,0.01776123,0.0010986328,6.5612793E-4
12/07/2016 00:04:05:9230,0.04735613,-0.054489613,-0.10902214,-0.008255005,0.008956909,0.011642456
12/07/2016 00:04:05:9820,0.036612272,0.060642242,0.13179159,-0.009521484,0.008041382,0.008377075
12/07/2016 00:04:06:0440,0.02717328,-0.032650948,-0.086903095,-0.0040130615,0.0023651123,0.0051574707
12/07/2016 00:04:06:1040,-0.02099371,-0.013284206,0.023610592,0.0016479492,-6.1035156E-4,0.0025939941
12/07/2016 00:04:06:2220,-0.044163227,0.026530743,0.02793169,-0.0021820068,0.002960205,0.008590698
12/07/2016 00:04:06:2820,0.041433334,0.0105547905,0.031774998,5.0354004E-4,0.008987427,0.016586304
12/07/2016 00:04:06:3420,0.092885256,-0.050644875,-0.08692503,0.00440979,-0.00390625,0.010894775
12/07/2016 00:04:06:4040,-0.029203653,0.02075243,0.04099512,-0.019805908,0.003967285,-0.002319336
12/07/2016 00:04:06:4640,-0.04237032,-7.3719025E-4,0.057552338,0.007080078,-0.008087158,9.918213E-4
12/07/2016 00:04:06:5210,0.02698636,0.005850315,-0.040797234,-0.024734497,0.007858276,0.010391235
12/07/2016 00:04:06:5820,-0.001242876,0.044331074,0.17384338,0.014328003,-0.003829956,0.007507324
12/07/2016 00:04:06:6420,-0.03300047,-0.036064148,-0.17930317,-3.8146973E-4,0.0010375977,0.0022583008
12/07/2016 00:04:06:7020,3.335476E-4,-0.00855875,0.0031523705,-0.008636475,0.0056762695,0.010910034
12/07/2016 00:04:06:7620,-0.016617298,0.021224976,0.031279087,-0.008865356,-0.0042266846,-0.0066223145
12/07/2016 00:04:06:8820,-0.070884705,-0.0011754036,-0.040673256,-0.0027770996,-0.0066070557,-0.0055236816
12/07/2016 00:04:06:9420,0.019910336,0.004896641,0.026468754,-0.016082764,6.2561035E-4,0.007293701
12/07/2016 00:04:06:9960,0.02926135,-0.004664898,0.086330414,-0.007507324,0.0019073486,0.0030059814
12/07/2016 00:04:07:0900,0.02581644,-0.0057177544,0.07910013,0.010467529,-4.4250488E-4,7.4768066E-4
12/07/2016 00:04:07:1710,0.04938507,-0.038160324,-0.038897514,-0.0073242188,-0.004699707,-0.00869751
12/07/2016 00:04:07:2360,-0.07233477,0.03925085,0.020070553,0.007171631,0.0030059814,-0.0024261475
12/07/2016 00:04:07:2930,-0.09272885,0.007659912,0.070403576,0.020568848,-0.0064697266,0.008102417
12/07/2016 00:04:07:3560,0.044775724,-0.015739918,-0.074615,-0.0047912598,0.0010528564,0.011352539
12/07/2016 00:04:07:4160,-4.5347214E-4,0.020572186,0.113051414,0.027236938,-0.005264282,0.0071258545
12/07/2016 00:04:07:4720,0.030709743,-0.028939724,-0.12597847,0.004470825,0.004135132,-1.0681152E-4
12/07/2016 00:04:07:5360,-0.049945354,-0.010168076,-0.1665082,-0.012252808,0.0077667236,0.010971069
12/07/2016 00:04:07:5930,0.087804794,0.0035858154,0.06540775,-0.001449585,0.005569458,-3.9672852E-4
12/07/2016 00:04:07:6530,0.013387442,0.020005226,0.12762451,0.025222778,-0.0072784424,-0.006881714
12/07/2016 00:04:07:7160,-0.033527613,-0.03362131,-0.13310337,-0.020507813,0.013305664,0.0020599365
12/07/2016 00:04:07:7770,-0.009627342,0.02563858,0.17185068,0.012207031,0.0030822754,0.011703491
12/07/2016 00:04:07:8960,0.0816164,-0.025289059,-0.076183796,0.018325806,-0.007171631,-0.018920898
12/07/2016 00:04:07:9560,-0.10345316,0.025206089,-0.030315876,-0.009292603,-0.001083374,0.005996704
12/07/2016 00:04:08:0170,-0.09332824,0.004855633,-0.005747795,0.0068206787,-0.004043579,0.012634277
12/07/2016 00:04:08:0730,0.0107860565,-0.01080513,0.023561,-0.00831604,0.009216309,0.013641357
12/07/2016 00:04:08:1300,-0.014467239,0.050024986,0.17575026,0.042160034,-0.0040130615,0.010559082
12/07/2016 00:04:08:2210,0.07880044,-0.07892084,-0.22791338,-0.019454956,0.011291504,0.001953125
12/07/2016 00:04:08:2760,0.021312952,0.007068634,0.038139343,0.0028839111,-0.004333496,0.002319336
12/07/2016 00:04:08:3370,0.105092764,-0.052020073,-0.006520748,-0.010345459,-0.004333496,-0.01776123
12/07/2016 00:04:08:3960,-0.11037707,0.03280878,0.047250748,0.0066833496,-0.0034179688,-0.001663208
12/07/2016 00:04:08:4600,-0.03674531,-0.02243042,-0.10682678,0.0042266846,-6.2561035E-4,-7.324219E-4
12/07/2016 00:04:08:5710,-0.032216072,0.043619156,0.14578056,-0.0043640137,0.0076904297,0.012832642
12/07/2016 00:04:08:6310,0.03168726,-0.07031345,-0.16480017,0.009628296,0.0025634766,-0.0053253174
12/07/2016 00:04:08:6910,0.12545729,0.012245178,-0.05197954,-0.011795044,-0.0063934326,-0.015853882
12/07/2016 00:04:08:7500,-0.17073655,0.020877838,0.079711914,0.0011749268,-0.0066986084,0.009460449
12/07/2016 00:04:08:8160,0.08305788,0.0019197464,0.017289639,-0.003189087,-0.005203247,-0.007247925
12/07/2016 00:04:08:8770,-0.03986311,0.039620876,0.07023287,0.014205933,0.0014953613,0.006500244
12/07/2016 00:04:08:9370,0.036993265,-0.041769505,-0.11339426,-1.373291E-4,0.0033721924,9.918213E-4
12/07/2016 00:04:08:9970,0.022124767,-0.025668144,-0.006099224,-0.0055236816,-0.0049743652,-0.0041656494
12/07/2016 00:04:09:0530,0.091814995,-0.0121593475,-0.020226002,-0.012512207,-0.0043182373,-0.01802063
12/07/2016 00:04:09:1170,-0.09220505,0.03106165,0.053997993,0.00630188,-0.007003784,-0.007232666
12/07/2016 00:04:09:2290,-0.05402398,0.0011472702,-0.1202445,-0.013946533,0.0074157715,0.0027008057
12/07/2016 00:04:09:2960,0.031175852,0.04372263,0.12287617,0.0067443848,-0.0012207031,0.013168335
12/07/2016 00:04:09:3700,0.042586803,-0.050062656,-0.063471794,0.0036315918,-0.0049743652,-0.0055236816
12/07/2016 00:04:09:4300,-0.028371334,-0.012444973,-0.028485775,-0.023468018,-0.0063323975,-0.011657715
12/07/2016 00:04:09:4970,-0.069218874,0.04227829,0.0528121,-0.0046081543,-0.009048462,-0.0073242188
12/07/2016 00:04:09:5580,-0.047653913,0.0120687485,-0.020287514,-0.0028839111,0.0040740967,0.013320923
12/07/2016 00:04:09:6180,0.013190746,-0.0055823326,0.036953926,0.008468628,0.0035552979,0.008468628
12/07/2016 00:04:09:6780,0.03174615,-0.04504299,-0.017539978,0.00390625,-0.0060272217,0.0058898926
12/07/2016 00:04:09:7380,0.06956053,-0.03305292,-0.12212038,-0.012756348,0.004348755,-0.0074768066
12/07/2016 00:04:09:7990,-0.010122538,0.007776737,-0.03244257,-0.011779785,-0.007522583,-0.0066223145
12/07/2016 00:04:09:8580,0.09574604,-0.022893429,0.055189133,-0.00932312,-0.012664795,-0.018859863
12/07/2016 00:04:09:9120,-0.09099841,0.024056911,0.077456,-0.0022735596,-0.0021514893,-0.0068206787
12/07/2016 00:04:09:9690,-0.061223745,-0.011911869,-0.072898865,-0.0028076172,0.0018005371,0.0055999756
12/07/2016 00:04:10:0310,-0.015515804,0.03535509,0.11285305,0.023361206,-7.6293945E-5,0.0054016113
12/07/2016 00:04:10:0910,0.053641558,-0.07318115,-0.21099377,-0.016525269,0.0066375732,0.004043579
12/07/2016 00:04:10:2210,0.008607626,0.0088944435,0.04146099,-0.016220093,4.4250488E-4,0.0034332275
12/07/2016 00:04:10:2780,0.06956911,0.012243748,0.09953213,0.010635376,-0.013748169,-0.013153076
12/07/2016 00:04:10:3330,-0.09947252,0.024330616,0.008347034,0.010299683,-7.6293945E-5,0.00630188
12/07/2016 00:04:10:4250,-0.028023958,-0.010163784,-0.095541954,-0.014907837,0.011917114,0.010101318
12/07/2016 00:04:10:4570,0.07173514,-0.007946968,0.08278513,0.014541626,-5.645752E-4,-0.0040130615
12/07/2016 00:04:10:5190,0.065490246,-0.012248039,-0.09210062,-0.005142212,-0.004058838,-0.013290405
12/07/2016 00:04:10:5790,0.021937847,-0.009363651,0.061175823,-0.014862061,-0.0018310547,-0.011810303
12/07/2016 00:04:10:6930,-0.08572054,0.04134655,0.08167124,0.0028381348,-0.0066223145,-0.0053863525
12/07/2016 00:04:10:7520,-0.044534683,0.03139639,0.027641296,-0.0030822754,8.544922E-4,0.0010681152
12/07/2016 00:04:10:8120,-8.420944E-4,0.029684544,0.054659843,0.015182495,0.0034179688,0.008560181
12/07/2016 00:04:10:8700,0.040490866,2.3269653E-4,-0.05310297,0.01777649,-0.0011138916,0.005279541
12/07/2016 00:04:10:9380,-0.018622875,-0.03538084,-0.08756447,6.1035156E-5,0.0019836426,0.0017852783
12/07/2016 00:04:11:0000,0.02906537,-8.9645386E-5,-0.014986515,-0.004043579,-0.004425049,-0.0036315918
12/07/2016 00:04:11:0600,-0.110322714,0.027546883,0.07686281,0.013046265,-3.0517578E-4,0.016326904
12/07/2016 00:04:11:1190,0.05082345,-0.019746304,0.028006554,0.012435913,-8.392334E-4,6.1035156E-4
12/07/2016 00:04:11:1810,-0.07248831,0.02265358,0.008218765,0.022338867,0.0073547363,0.01737976
12/07/2016 00:04:11:2340,0.02513957,0.017207623,-0.042912483,-0.005783081,0.006652832,0.008453369
12/07/2016 00:04:11:3590,0.117213964,-0.039122105,0.016839027,0.0037384033,0.0011138916,0.015258789
12/07/2016 00:04:11:4190,0.059962273,-0.017612934,-0.0246315,-0.006652832,-0.005935669,-0.019424438
12/07/2016 00:04:11:4920,-0.066753864,0.02509737,0.004694462,-2.746582E-4,-0.0022125244,-0.002822876
12/07/2016 00:04:11:5310,-0.023958683,0.011187077,0.03628683,-0.0021514893,0.0011444092,-0.0039978027
12/07/2016 00:04:11:5930,0.01651597,0.022078991,0.018090725,0.0014801025,0.006210327,0.0012207031
12/07/2016 00:04:11:6530,0.05228734,-0.016638279,-0.014362335,-0.001876831,0.001953125,-0.005859375
12/07/2016 00:04:11:7120,0.012639284,0.039269924,0.041695595,0.009490967,-0.014160156,-0.009460449
12/07/2016 00:04:11:7780,-0.056641817,0.0023036003,-0.009011745,-0.00289917,-0.0074768066,0.00630188
12/07/2016 00:04:11:9010,0.045070887,0.027018547,0.06957579,0.010681152,-6.866455E-4,0.007446289
12/07/2016 00:04:11:9610,0.024537086,-0.059583664,-0.1177392,0.015304565,0.005874634,0.0026550293
12/07/2016 00:04:12:0200,0.03889799,-0.023312569,0.01533699,-0.0131073,-0.0021514893,-0.007369995
12/07/2016 00:04:12:0820,0.033987284,0.0057730675,-0.040350914,-1.5258789E-5,-0.010482788,-0.018051147
12/07/2016 00:04:12:1390,-0.031015396,-0.03472185,-0.09906387,-0.02168274,-0.0034179688,-0.017593384
12/07/2016 00:04:12:2010,-0.11291528,0.08510399,0.14374638,0.0074157715,-0.0014038086,0.0033874512
12/07/2016 00:04:12:2570,-0.009680033,-0.037922382,-0.05769062,0.0016326904,0.0075531006,0.003036499
12/07/2016 00:04:12:3210,-0.012629986,0.0011816025,-0.028303623,-0.00819397,0.008636475,0.011154175
12/07/2016 00:04:12:3800,0.017027855,-0.0063080788,0.062172413,0.008255005,-0.0012512207,0.005279541
12/07/2016 00:04:12:4400,0.12722635,0.017212868,0.08654547,0.004837036,-0.01335144,-0.015579224
12/07/2016 00:04:12:5020,-0.20123577,0.040555,-0.014007568,-0.0061187744,0.0014190674,0.008621216
12/07/2016 00:04:12:6220,0.095841646,0.018198013,0.0943284,-0.008346558,0.0076293945,0.023452759
12/07/2016 00:04:12:6770,0.04666257,-0.0086426735,0.10770798,0.014541626,-0.0021209717,0.0073394775
12/07/2016 00:04:12:7400,0.07309365,-0.03413105,-0.13116884,-0.014373779,-5.79834E-4,-0.002532959
12/07/2016 00:04:12:8020,0.027849197,0.0049037933,-0.039595127,-0.011932373,-0.0046691895,-0.009613037
12/07/2016 00:04:12:8620,0.045660973,0.008939266,0.03910494,-0.010726929,-0.008987427,-0.011428833
12/07/2016 00:04:12:9220,-0.11291456,0.0018801689,0.01848793,-0.007736206,-0.014816284,-0.026519775
12/07/2016 00:04:13:0420,-0.024068594,0.015640259,-0.053489685,0.0052948,-0.008743286,-0.012557983
12/07/2016 00:04:13:1030,-0.056209326,0.021420956,0.014023304,-0.0057525635,-0.001876831,-0.006591797
12/07/2016 00:04:13:1630,0.011307716,-0.012628555,-0.017755032,-0.005218506,0.0046844482,0.006088257
12/07/2016 00:04:13:2230,0.0546875,-0.01847887,-0.041028023,-0.0077209473,0.002456665,-0.0074157715
12/07/2016 00:04:13:2840,0.06459832,0.009813309,0.056290627,-0.01751709,-0.0034637451,-0.01675415
12/07/2016 00:04:13:3400,-0.17674494,0.041683674,0.09511709,0.017578125,-0.010604858,0.008666992
12/07/2016 00:04:13:4020,0.015530825,-0.021092892,-0.12499809,-0.020751953,0.009521484,0.005218506
12/07/2016 00:04:13:4650,-0.029695272,0.031796455,0.16484356,0.03326416,8.8500977E-4,0.016937256
12/07/2016 00:04:13:5230,0.0047893524,-0.030790806,-0.082221985,7.9345703E-4,0.0064849854,0.008605957
12/07/2016 00:04:13:6440,0.09119964,0.016849995,0.10782194,-0.014892578,0.012512207,0.018341064
12/07/2016 00:04:13:7040,0.047981977,-0.06033802,-0.09484434,0.021621704,-0.0069732666,-0.006591797
12/07/2016 00:04:13:7640,-0.032482386,0.01629734,0.055463314,-0.008132935,0.0031585693,0.0021514893
12/07/2016 00:04:13:8240,-0.04574442,0.027643204,-0.027124405,0.0036773682,0.0056152344,9.613037E-4
12/07/2016 00:04:13:8850,0.002142191,-0.0204072,-0.02451086,0.013931274,0.005264282,0.015731812
12/07/2016 00:04:13:9410,0.09375715,-0.010173798,-0.015855312,-0.010604858,0.0041046143,-0.0016937256
12/07/2016 00:04:14:0040,0.03959322,-0.0037236214,0.010281086,0.0038604736,-0.01071167,-0.00982666
12/07/2016 00:04:14:0640,-0.17020059,0.022898197,0.005054474,0.0030059814,-0.001953125,0.0066833496
12/07/2016 00:04:14:1220,0.039309025,0.0050063133,0.10432482,0.011169434,-0.003921509,-0.0023498535
12/07/2016 00:04:14:1810,-0.06104064,0.008873463,5.79834E-4,0.009674072,0.004058838,0.010681152
12/07/2016 00:04:14:2420,0.027187824,0.003127098,0.055992603,0.0030212402,0.0045318604,0.011367798
12/07/2016 00:04:14:3640,0.05192828,-0.02775383,-0.109797955,0.016326904,-0.008621216,-3.9672852E-4
12/07/2016 00:04:14:4200,0.00881052,0.01351738,0.057263374,-0.016601563,0.0037841797,-0.0030212402
12/07/2016 00:04:14:4750,0.0025684834,0.009422302,0.0053572655,0.0022277832,-0.0075531006,-0.0101623535
12/07/2016 00:04:14:5390,-0.057603598,0.012817383,0.0023097992,-4.119873E-4,0.0058288574,0.0024414063
12/07/2016 00:04:14:5960,-0.023735046,0.03892374,0.082417965,0.017608643,8.544922E-4,0.009689331
12/07/2016 00:04:14:6630,0.03645706,-0.026697636,-0.057536602,0.017166138,-0.002105713,0.004760742
12/07/2016 00:04:14:7160,0.0307405,-0.013971329,-0.06504822,-0.0021209717,-0.0042877197,-0.0015258789
12/07/2016 00:04:14:7790,-0.074108124,0.0176692,0.036002636,0.0015106201,-0.002456665,0.010971069
12/07/2016 00:04:14:8430,0.028739214,0.009325504,0.0774045,0.021057129,-0.0029754639,0.008956909
12/07/2016 00:04:14:9030,-2.28405E-4,0.010032654,-0.0047888756,0.033065796,-9.765625E-4,0.00819397
12/07/2016 00:04:15:0230,0.027160168,-0.024281979,-0.056331158,0.033309937,-0.005508423,0.0070343018
12/07/2016 00:04:15:0830,-0.023791075,-0.023210526,-0.19502068,-8.087158E-4,0.0031280518,0.015319824
12/07/2016 00:04:15:1410,0.0906651,-0.036704063,-0.029978752,-0.009506226,0.0033721924,0.005264282
12/07/2016 00:04:15:2060,0.046675444,0.041760445,0.06406832,-0.0066375732,-0.0023956299,-0.00831604
12/07/2016 00:04:15:2630,-0.03233981,0.02500391,0.07578707,0.0061187744,-0.0059814453,-0.004852295
12/07/2016 00:04:15:3260,-0.103660345,0.019484997,-0.050979614,0.008102417,0.0032196045,0.0115356445
12/07/2016 00:04:15:3820,-0.013788462,-0.035692215,-0.05360508,-0.0074157715,0.006713867,0.013580322
12/07/2016 00:04:15:4420,0.055331945,-0.0053515434,0.01559639,-9.0026855E-4,-0.0035552979,4.4250488E-4
12/07/2016 00:04:15:5070,-0.0031921864,0.013850689,0.03379202,0.0012817383,-0.0052490234,0.0010070801
12/07/2016 00:04:15:5670,-0.054978132,0.057194233,0.15663338,-0.02319336,0.008651733,0.008087158
12/07/2016 00:04:15:6870,0.021656036,-0.014028549,-0.006248951,0.01727295,0.0011749268,0.0058135986
12/07/2016 00:04:15:7460,-0.004436016,0.010407925,-0.066603184,-0.004333496,0.015533447,0.011856079
12/07/2016 00:04:15:8030,-0.01837349,-0.011991024,-0.078487396,-0.009246826,0.012969971,0.016296387
12/07/2016 00:04:15:8620,0.06326461,-0.0066990852,0.013761044,-0.019332886,0.006088257,0.0074768066
12/07/2016 00:04:15:9270,0.09754753,-0.0024375916,0.15701342,0.0064697266,-0.004699707,-0.008270264
12/07/2016 00:04:15:9870,-0.0061006546,-0.031010628,-0.091499805,-0.014556885,0.0017700195,-0.0034484863
12/07/2016 00:04:16:0470,-0.041810036,0.01687336,0.03222847,-0.013534546,0.0016021729,1.8310547E-4
12/07/2016 00:04:16:1070,-0.004290819,0.024117947,0.08415222,0.011444092,-0.00579834,3.9672852E-4
12/07/2016 00:04:16:1670,0.019069195,-0.020029545,-0.12766647,-0.0181427,-7.7819824E-4,-0.0016326904
12/07/2016 00:04:16:2280,-0.07535243,-0.016602993,-0.077961445,0.0023345947,-0.007797241,-0.010101318
12/07/2016 00:04:16:3460,-0.015746117,0.01769495,0.06319857,-5.950928E-4,0.004623413,0.015792847
12/07/2016 00:04:16:4030,0.011413097,0.030373573,0.09602642,0.012710571,-6.1035156E-5,0.01083374
12/07/2016 00:04:16:4680,0.018594742,-0.047114372,-0.12021732,2.746582E-4,0.0027313232,0.0019989014
12/07/2016 00:04:16:5270,0.054867983,8.740425E-4,-0.03665161,-0.014053345,0.0067443848,-4.272461E-4
12/07/2016 00:04:16:5870,0.04741788,-0.0026459694,-0.0013766289,0.011306763,-0.0064697266,-0.010574341
12/07/2016 00:04:16:7080,-0.059286118,0.010494232,-0.011028767,-0.003326416,-0.0062713623,-0.019989014
12/07/2016 00:04:16:7680,0.018657684,0.024837494,0.05395031,-0.0027770996,-0.004272461,-0.008224487
12/07/2016 00:04:16:8280,0.04055381,0.02370882,0.20623064,-0.0036468506,-0.020812988,-0.008773804
12/07/2016 00:04:16:8880,-0.08902812,-0.05205679,-0.12076521,0.058441162,-0.019241333,-0.01763916
12/07/2016 00:04:16:9490,-0.070333004,-0.067101,-0.4548545,-0.024871826,0.007751465,-0.01222229
12/07/2016 00:04:17:0070,-0.12865138,0.095926285,0.020456314,-0.043533325,0.043533325,0.002166748
12/07/2016 00:04:17:0690,0.14279294,-0.033916473,0.2168665,-0.024520874,0.016403198,0.013504028
12/07/2016 00:04:17:1290,0.016575813,0.06867552,0.2982602,0.018218994,-0.0057525635,-0.005584717
12/07/2016 00:04:17:1830,-0.16458559,0.1961503,0.2892213,0.10812378,-0.01423645,0.033996582
12/07/2016 00:04:17:2490,0.12082195,-0.18504906,-0.2518239,0.009918213,-0.0023651123,0.01687622
12/07/2016 00:04:17:3680,0.18310094,0.051668644,0.1756239,-0.037841797,-0.01071167,-0.0051879883
12/07/2016 00:04:17:4270,-0.19301271,0.08769512,0.06563187,0.02168274,-0.03237915,-0.03843689
12/07/2016 00:04:17:4900,-0.103857994,0.0025763512,-0.1745944,0.00944519,-0.012054443,0.012039185
12/07/2016 00:04:17:5580,0.028129816,-0.03139639,0.043212414,-0.018432617,-0.0016784668,0.016815186
12/07/2016 00:04:17:6010,0.319777,0.005074501,0.30455875,-0.015655518,-0.03366089,-0.0036773682
12/07/2016 00:04:17:6620,0.39911103,-3.004074E-4,0.38580704,0.08766174,-0.070877075,-0.11730957
12/07/2016 00:04:17:7220,-0.10481596,-0.019930363,-0.026593685,0.094680786,-0.044647217,-0.12336731
12/07/2016 00:04:17:7860,-0.43244505,-0.013540268,-0.04301548,0.07128906,-0.023803711,-0.06454468
12/07/2016 00:04:17:8470,-0.23813915,-0.06557369,-0.62166834,-0.05392456,0.05883789,-0.05303955
12/07/2016 00:04:17:9110,0.1200521,0.001572609,0.045387745,-0.024459839,0.10272217,-0.017227173
12/07/2016 00:04:18:0220,0.09519458,7.991791E-4,-9.551048E-4,0.005630493,0.07620239,-0.037963867
12/07/2016 00:04:18:0760,0.19296038,-0.014223099,-0.072648525,0.036453247,0.13189697,-0.044555664
12/07/2016 00:04:18:1420,-0.0020353794,-0.012681961,0.06717777,0.00340271,0.15673828,-0.032943726
12/07/2016 00:04:18:2020,-0.033765078,0.016963005,0.19642448,0.09779358,0.04597473,-0.086502075
12/07/2016 00:04:18:2630,0.30087793,0.003520012,-0.19959831,0.041137695,0.13223267,-0.18618774
12/07/2016 00:04:18:3220,-0.5581707,0.0955534,-0.10303116,0.071777344,0.106399536,0.029724121
12/07/2016 00:04:18:3830,0.16068089,-0.05467987,0.09729576,0.21881104,0.04284668,0.008102417
12/07/2016 00:04:18:4420,-0.17518914,-0.118406296,-0.099583626,0.27072144,0.10559082,0.0038604736
12/07/2016 00:04:18:5630,-0.17652965,0.036087036,-0.1862092,0.20544434,-0.009429932,-0.010391235
12/07/2016 00:04:18:6240,0.16397882,0.15471649,0.427382,0.11302185,0.20751953,-0.05607605
12/07/2016 00:04:18:6830,-0.17868793,-0.06700611,-0.0914917,0.30171204,0.17103577,-0.050079346
12/07/2016 00:04:18:7570,-0.12804806,-0.016991615,-0.19908285,-0.005279541,0.034622192,0.05104065
12/07/2016 00:04:18:8170,0.098052144,-0.014446259,-0.26628923,-0.06806946,0.049057007,0.036193848
12/07/2016 00:04:18:8790,0.08722937,0.01927185,0.01773119,-0.07312012,-0.008666992,0.0069274902
12/07/2016 00:04:18:9370,-0.24087262,0.10404682,0.013620377,-0.14231873,-0.051361084,0.090774536
12/07/2016 00:04:18:9990,0.1786151,-0.09437084,0.040506363,-0.07119751,-0.011520386,0.07646179
12/07/2016 00:04:19:0520,-0.080123544,0.073898315,-0.36581373,-0.15290833,0.0135650635,0.17210388
12/07/2016 00:04:19:1790,0.09535372,-0.02912426,0.110343456,-0.35491943,0.06550598,0.25857544
12/07/2016 00:04:19:2390,0.15952241,-0.013191223,0.54266214,-0.1343689,0.035995483,0.09915161
12/07/2016 00:04:19:2980,-0.08845484,0.023760796,-0.05701542,-0.035995483,-0.022338867,0.09072876
12/07/2016 00:04:19:3540,-0.0017589331,0.07419443,0.077860355,-0.15489197,0.0149383545,0.10374451
12/07/2016 00:04:19:4150,0.17346191,0.09296942,0.23553562,-0.13534546,-0.007461548,0.059143066
12/07/2016 00:04:19:4770,-1.9519479,0.85530615,1.377522,-0.74671936,-1.027771,0.4933777
12/07/2016 00:04:19:5390,-2.3615284,0.6888523,4.8402715,0.47459412,-0.65774536,0.30967712
12/07/2016 00:04:19:6000,-2.6712952,-1.3625679,0.6014972,0.79273987,0.4737091,0.12283325
12/07/2016 00:04:19:6580,-2.4953282,-2.1811867,-2.2860203,0.39178467,1.2523804,-0.17852783
12/07/2016 00:04:19:7780,0.51889515,-1.8218274,-0.21624613,-0.53956604,0.5731659,0.72402954
12/07/2016 00:04:19:8390,0.71395683,0.83385134,-2.18161,-0.32313538,1.333435,0.5861206
12/07/2016 00:04:19:8990,2.0158083,0.29392576,-1.0737381,-1.0549011,1.6813507,1.0359497
12/07/2016 00:04:19:9590,4.157529,1.9601412,1.1821518,-0.9564209,0.5796814,1.0645599
12/07/2016 00:04:20:0200,2.510232,0.3316369,0.6106343,-0.6842499,1.0837555,0.5897522
12/07/2016 00:04:20:0780,3.607498,1.8419228,0.84156466,0.15267944,0.71702576,0.6863861
12/07/2016 00:04:20:1390,1.5763309,0.09518576,-0.50783825,0.240448,0.4760437,0.2535553
12/07/2016 00:04:20:2000,0.72286797,-0.49543142,1.1955781,0.37020874,0.22608948,0.1859436
12/07/2016 00:04:20:2580,-1.3370113,0.83352184,0.4285245,-0.266922,0.28411865,1.2135315
12/07/2016 00:04:20:3600,-2.3401923,-0.687593,0.47447014,-0.41007996,0.5095062,1.1677399
12/07/2016 00:04:20:4200,-3.261815,-1.5678391,-2.3038487,0.008453369,1.5837555,2.4233856
12/07/2016 00:04:20:4800,4.649892,1.8598924,-2.7012281,-1.2510223,1.6567688,0.7689972
12/07/2016 00:04:20:5400,0.59311265,-0.66023993,3.683117,-0.8205719,1.324173,-1.2792816
12/07/2016 00:04:20:6010,-3.0976539,-0.18601656,-1.4228563,0.583725,0.4363861,0.2214508
12/07/2016 00:04:20:6600,1.6896002,0.19196916,1.0054626,-0.46762085,0.7749634,0.60450745
12/07/2016 00:04:20:7210,-0.7491915,0.06593919,-1.7978487,-1.284256,-0.8569336,0.35151672
12/07/2016 00:04:20:7810,-0.11697531,-0.18970561,0.23114967,-1.903656,-0.17466736,0.4533844
12/07/2016 00:04:20:8410,0.059589624,-0.61895907,1.1333761,-2.5145874,-0.48649597,0.13928223
12/07/2016 00:04:20:9610,0.38064992,-0.4528408,0.7928295,-1.5805664,0.106933594,0.004928589
12/07/2016 00:04:21:0210,-0.3460011,0.085173845,0.94350815,-0.7908783,0.2397461,0.15762329
12/07/2016 00:04:21:0810,0.1146546,0.3420906,0.21346188,0.4078827,0.7667084,0.52072144
12/07/2016 00:04:21:1420,0.057822555,-0.016780019,-0.1689043,0.20741272,0.268219,0.14299011
12/07/2016 00:04:21:2020,-0.31088874,-0.12332469,-0.045038223,0.20082092,-0.12059021,-0.020309448
12/07/2016 00:04:21:2610,-0.48795396,-0.22104335,0.20778084,0.08332825,-0.11555481,-0.097091675
12/07/2016 00:04:21:3220,-0.79699874,0.29992032,-0.54153156,0.12649536,0.009399414,0.13600159
12/07/2016 00:04:21:3820,-0.31881413,0.15815401,-0.47889042,-0.15060425,0.05265808,0.21447754
12/07/2016 00:04:21:4420,0.123583585,-0.25689924,0.1740284,0.057769775,-0.0826416,0.042541504
12/07/2016 00:04:21:5020,-0.27701026,-0.3346759,-0.59965515,0.24617004,0.00390625,-0.12657166
12/07/2016 00:04:21:6230,-0.30125856,-0.057267636,0.29291248,-0.0071411133,-0.055007935,-0.13955688
12/07/2016 00:04:21:6830,-0.47862902,0.39437488,-0.77302265,0.21638489,0.10160828,0.044525146
12/07/2016 00:04:21:7430,-0.022566408,0.3364393,0.078570366,0.17880249,0.17263794,0.14779663
12/07/2016 00:04:21:8030,0.04005502,-1.1178015,0.81516075,0.52500916,0.40011597,0.021514893
12/07/2016 00:04:21:8630,-0.37611806,-0.20838958,0.16762924,0.55148315,0.21916199,0.21272278
12/07/2016 00:04:21:9230,-0.40270805,-0.1501,0.22206593,0.9038391,0.2552185,0.33695984
12/07/2016 00:04:21:9830,0.27149382,-0.8128631,-0.07303715,0.8326416,0.16696167,0.23320007
12/07/2016 00:04:22:0430,-0.09118116,-0.011895418,-0.6275511,0.5767212,0.052871704,0.26966858
12/07/2016 00:04:22:1030,-0.16582271,-0.26914954,0.43027878,0.8198242,-0.54067993,-0.122802734
12/07/2016 00:04:22:1640,-0.092086025,-0.6567197,0.6859665,0.9776459,-0.5589752,-0.2724762
12/07/2016 00:04:22:2240,0.14197466,-0.29253244,0.20147324,0.46102905,-0.3426361,-0.2688141
12/07/2016 00:04:22:2840,0.08516449,-0.062446833,-1.5097847,0.16867065,-0.22621155,-0.09660339
12/07/2016 00:04:22:3450,-0.47324175,-0.39703846,0.44083214,0.22966003,-0.3587036,-0.22459412
12/07/2016 00:04:22:4040,0.13588578,0.07325339,-0.02585888,0.040863037,-0.12579346,-0.20126343
12/07/2016 00:04:22:4640,-0.51045215,-0.17804742,-0.14304352,0.32385254,-0.009048462,-0.057510376
12/07/2016 00:04:22:5240,-0.45264846,-0.1888802,0.530859,0.5742645,0.09989929,0.017425537
12/07/2016 00:04:22:5840,-1.0354965,-1.1070113,0.36972237,0.18704224,0.124053955,0.13346863
12/07/2016 00:04:22:6450,1.1225057,-0.6869297,-0.12635612,0.243927,-0.16125488,-0.412323
12/07/2016 00:04:22:7650,0.13666737,-0.06167984,-0.118701935,0.046020508,-0.26809692,-0.4381256
12/07/2016 00:04:22:8850,1.1417892,0.41172075,0.7875147,0.08734131,-0.08677673,-0.6082611
12/07/2016 00:04:22:9450,2.169044,-0.6160679,1.0452385,0.58309937,-0.1133728,-1.0585938
12/07/2016 00:04:23:0050,-0.06997487,-0.31542492,-0.73086643,0.34692383,-0.39634705,-1.673523
12/07/2016 00:04:23:0660,-0.42285004,0.99099016,0.4914198,-0.3212738,-0.25186157,-1.1135101
12/07/2016 00:04:23:1250,-0.67463136,1.7712216,-0.1079998,-0.3407898,-0.18153381,-0.70980835
12/07/2016 00:04:23:1860,-1.4449298,0.5770817,-1.8614407,-0.77767944,-0.3113098,0.08482361
12/07/2016 00:04:23:2460,-0.5152732,-0.632133,2.616665,0.21173096,0.08403015,0.41604614
12/07/2016 00:04:23:3050,-1.0232944,-2.3551822,2.6593857,1.1429443,0.30319214,0.496109
12/07/2016 00:04:23:3780,-2.0760093,-0.12094116,-3.0510387,1.0365906,0.13142395,0.08920288
12/07/2016 00:04:23:4860,-0.7118629,0.41894054,0.6680393,-0.5358887,-0.2614441,0.7427521
12/07/2016 00:04:23:5460,1.6033258,-0.86249924,-0.07062149,0.2985382,0.40727234,0.431427
12/07/2016 00:04:23:6060,2.2635112,-0.5636511,-0.15928793,0.70596313,-0.067611694,-0.89671326
12/07/2016 00:04:23:6660,-1.9084728,0.49986458,-1.678308,0.695343,-0.41235352,-0.69055176
12/07/2016 00:04:23:7260,1.1562117,-0.76087046,4.6331506,2.0614166,-0.2482605,-0.7239685
12/07/2016 00:04:23:7860,-1.4478959,-1.1274691,-0.2656722,2.3574066,-0.89456177,-0.870224
12/07/2016 00:04:23:8470,0.21271336,-0.055223465,1.2005043,1.887558,-0.5175781,-1.2328949
12/07/2016 00:04:23:9070,-1.7545891,-0.08321285,-2.364116,2.0724792,-1.8522949,-0.6883087
12/07/2016 00:04:24:0270,0.8212781,0.0017414093,0.34146333,0.7826538,-0.46948242,-0.3081665
12/07/2016 00:04:24:0870,-0.31472743,0.027884483,-0.9409108,0.9670563,-0.86938477,-0.45716858
12/07/2016 00:04:24:1470,-0.8197956,-0.20714092,-0.6015396,0.26156616,-0.17695618,-0.28573608
12/07/2016 00:04:24:2070,-0.35149133,0.27005672,-0.71307564,-0.11274719,0.030059814,0.0104522705
12/07/2016 00:04:24:2680,0.44646323,0.3248682,-0.12602472,-0.08534241,-0.15435791,-0.11753845
12/07/2016 00:04:24:3270,0.2990228,0.15213299,-0.9899266,-0.433136,0.030456543,-0.19213867
12/07/2016 00:04:24:3880,0.034410715,0.22645283,-0.06558299,-0.32626343,0.060806274,-0.15513611
12/07/2016 00:04:24:4480,0.4894023,0.42299557,0.21485162,-0.02998352,-0.34013367,-0.20155334
12/07/2016 00:04:24:5080,-0.48391008,0.6284542,-0.55368805,-0.07286072,-0.2108612,-0.03375244
12/07/2016 00:04:24:6280,-0.18909383,0.40702438,-0.3901162,-0.118392944,-0.22616577,0.07362366
12/07/2016 00:04:24:6880,-0.4278245,0.12499714,0.4245782,-0.097335815,-0.25535583,-0.049713135
12/07/2016 00:04:24:7480,-0.49695766,0.16229725,-0.16790223,0.15840149,-0.11859131,0.14860535
12/07/2016 00:04:24:8080,0.8362181,0.052947044,-0.090595484,-0.16363525,-0.15299988,0.061447144
12/07/2016 00:04:24:8680,0.12925816,0.56029224,-0.5120599,-0.050582886,-0.42851257,-0.3070526
12/07/2016 00:04:24:9280,-0.07669163,-0.4267769,0.16393161,0.0027618408,-0.02835083,-0.24954224
12/07/2016 00:04:24:9880,-0.6587571,0.2556219,-0.9007442,-0.20765686,0.07774353,0.041610718
12/07/2016 00:04:25:0490,-0.19600582,0.27395248,-0.089434385,-0.29283142,-0.0947113,0.052947998
12/07/2016 00:04:25:1090,0.08280051,0.024049759,0.3220842,-0.007293701,0.13310242,-0.061920166
12/07/2016 00:04:25:1690,-0.4384929,0.20348263,0.7174425,-0.37078857,-0.068344116,0.25624084
12/07/2016 00:04:25:2890,-0.14316869,0.1575079,0.4905765,0.16488647,0.1251831,0.20858765
12/07/2016 00:04:25:3490,0.3293419,0.047849655,-1.0543258,0.24136353,0.16105652,0.29022217
12/07/2016 00:04:25:4090,0.7405449,-0.027585983,-0.5514202,-0.10908508,-0.08818054,0.21537781
12/07/2016 00:04:25:4690,0.5677078,0.13086891,0.51420856,-0.10649109,0.048721313,0.05857849
12/07/2016 00:04:25:5290,0.11966264,0.27332497,0.19432378,-0.009735107,0.01852417,-0.024780273
12/07/2016 00:04:25:5900,-0.17945611,0.1742115,0.2204063,0.11627197,0.045150757,-0.029022217
12/07/2016 00:04:25:6500,-0.30271506,0.21136951,-0.4282744,0.054153442,-0.0107421875,-0.009353638
12/07/2016 00:04:25:7100,-0.27581966,0.14444733,-0.33451295,0.04045105,0.10324097,0.060424805
12/07/2016 00:04:25:7700,-0.20340598,0.13463497,-0.43556547,-0.07028198,0.048675537,0.05393982
12/07/2016 00:04:25:8300,-0.06505346,0.15403175,-0.07147956,-0.041015625,0.035476685,0.04360962
12/07/2016 00:04:25:8900,-0.19793844,0.22550488,-0.03788829,-0.18551636,-0.20706177,0.02418518
12/07/2016 00:04:25:9510,-0.07973009,0.14444733,0.5440438,-0.2050476,-0.082473755,-0.053588867
12/07/2016 00:04:26:0710,0.1460514,0.16737652,-0.08927226,0.024719238,0.020523071,-0.064315796
12/07/2016 00:04:26:1310,-0.22500956,0.049674034,-0.34999013,-0.13076782,-0.13412476,-0.11618042
12/07/2016 00:04:26:1910,-0.42601,0.13260841,0.10270667,-0.027786255,-0.011657715,0.03302002
12/07/2016 00:04:26:2510,0.2496078,0.044683456,-0.24953437,-0.010528564,-0.08428955,-0.088897705
12/07/2016 00:04:26:3110,-0.080283284,0.13881016,-0.27522182,-0.099990845,-0.07110596,-0.11225891
12/07/2016 00:04:26:3710,-0.5125433,0.18567562,0.38370895,-0.053756714,-0.006225586,0.040100098
12/07/2016 00:04:26:4320,-0.10254979,0.06329918,-0.25208592,0.022125244,-0.0028076172,-0.011856079
12/07/2016 00:04:26:5550,-0.053523183,0.07711792,-0.06282759,-0.048477173,0.02432251,0.024246216
12/07/2016 00:04:26:6220,-0.14443433,0.059235573,0.07884812,0.047058105,0.09500122,2.1362305E-4
12/07/2016 00:04:26:6720,-0.10712528,0.07231045,0.20446897,-0.009307861,0.0712738,0.049987793
12/07/2016 00:04:26:7320,-0.14120626,0.08516312,-0.035874605,-0.07902527,-0.06536865,0.04664612
12/07/2016 00:04:26:7920,-0.063275814,0.008763313,0.2071855,0.11244202,0.079071045,0.0630188
12/07/2016 00:04:26:8520,0.3133769,-0.016942978,-0.3168528,0.018157959,0.03778076,-0.0013427734
12/07/2016 00:04:26:9150,-0.065362096,0.072566986,-0.053546906,-0.039413452,-0.00843811,3.2043457E-4
12/07/2016 00:04:26:9770,-0.07347715,0.021051407,0.040515184,-0.021942139,-0.035751343,0.0209198
12/07/2016 00:04:27:0980,-0.08732927,0.0150671005,0.017756224,0.024719238,0.023956299,0.014587402
12/07/2016 00:04:27:1580,-0.11267567,0.038695335,-0.030579567,0.04321289,0.02357483,0.02420044
12/07/2016 00:04:27:2180,-0.005669713,0.052251816,0.05774975,0.019180298,0.030151367,0.051467896
12/07/2016 00:04:27:2780,0.04828942,-0.011515617,-0.04913783,0.05319214,-0.0034484863,0.02003479
12/07/2016 00:04:27:3380,-0.078454256,0.021568298,-0.097243786,0.013183594,0.023147583,0.020965576
12/07/2016 00:04:27:3980,0.022463918,0.020293236,0.08573198,-0.012710571,-0.0057678223,0.050811768
12/07/2016 00:04:27:4590,0.16723645,9.727478E-5,0.055618286,0.008636475,-0.017791748,-0.006011963
12/07/2016 00:04:27:5190,-0.018506229,-0.0094919205,-0.061641455,0.028533936,-0.0068511963,-0.0126953125
12/07/2016 00:04:27:5780,-0.060512543,0.026431084,0.20399117,-0.024108887,-0.028442383,-0.034179688
12/07/2016 00:04:27:6990,-0.06410134,0.016630173,0.14079785,0.046066284,-7.9345703E-4,-0.035736084
12/07/2016 00:04:27:7590,-0.09999454,0.004023552,-0.22455835,0.06373596,0.021148682,-0.014862061
12/07/2016 00:04:27:8190,-0.044109106,0.01280117,0.04011202,-9.1552734E-5,0.01449585,0.016525269
12/07/2016 00:04:27:8790,-0.04693973,0.011919975,-0.0053117275,0.024414063,-0.0045928955,0.022140503
12/07/2016 00:04:27:9400,-0.07082474,-0.014899254,-0.04381752,0.017913818,0.02645874,0.03338623
12/07/2016 00:04:27:9980,0.1759808,-0.012208939,-0.016046047,0.005874634,0.021591187,-0.0048828125
12/07/2016 00:04:28:0580,-0.17049992,0.029369354,0.050447464,0.02798462,0.0393219,0.016860962
12/07/2016 00:04:28:1180,0.11505473,-0.044255257,-0.036545992,-0.011581421,0.014007568,0.017562866
12/07/2016 00:04:28:1780,0.10365987,0.037670135,0.17426872,0.03277588,0.020446777,-0.01638794
12/07/2016 00:04:28:2380,0.07707906,-0.020178795,-0.095929146,0.03918457,0.04284668,0.03538513
12/07/2016 00:04:28:3590,0.11898887,-0.045018196,0.09065223,-3.9672852E-4,0.015686035,0.018966675
12/07/2016 00:04:28:4180,0.021996975,-0.016615868,0.007156372,0.010116577,0.019088745,-0.015823364
12/07/2016 00:04:28:4800,-0.031912923,0.018174171,0.14677978,0.0140686035,0.024383545,0.003829956
12/07/2016 00:04:28:5350,-0.12975717,0.031689644,-0.03055501,0.040390015,0.012863159,-0.014175415
12/07/2016 00:04:28:5950,0.04936719,-0.019254684,-0.32514334,0.025024414,0.025878906,0.016921997
12/07/2016 00:04:28:6550,-0.029089212,-5.540848E-4,0.02960062,-0.0262146,0.017303467,0.012908936
12/07/2016 00:04:28:7150,0.19913602,-0.018182755,-0.0988307,-0.07197571,-0.026565552,-0.03930664
12/07/2016 00:04:28:7760,-0.11712539,0.06972885,0.1389451,-0.033599854,-0.028137207,-0.0231781
12/07/2016 00:04:28:8360,0.2551813,-0.04780388,-0.18672824,0.03277588,-0.009292603,-0.029449463
12/07/2016 00:04:28:9560,-0.06992221,0.02716732,-0.08723545,-0.084365845,-0.11489868,-0.11114502
12/07/2016 00:04:29:0160,-0.21112478,0.06368065,-0.14884305,-0.058792114,-0.030685425,-0.06385803
12/07/2016 00:04:29:0760,-0.19624484,0.037017822,0.009688616,-0.14639282,-0.091674805,0.024124146
12/07/2016 00:04:29:1360,0.07637751,3.7670135E-4,-0.18550014,-0.1592865,-0.10676575,5.493164E-4
12/07/2016 00:04:29:2170,-0.14791858,0.01778698,0.075506926,-0.18193054,-0.06781006,0.04434204
12/07/2016 00:04:29:2730,0.19598877,-0.037911415,0.19563174,-0.062072754,-0.0030822754,-0.0073394775
12/07/2016 00:04:29:3160,-0.088525176,0.045995712,0.1893599,0.010437012,-0.011047363,0.0015563965
12/07/2016 00:04:29:3770,0.11149478,-0.055049896,-0.15352035,-0.021087646,-0.02204895,-0.011566162
12/07/2016 00:04:29:4370,-0.02927947,0.0041913986,-0.010218143,-0.014266968,-0.0053710938,-0.01876831
12/07/2016 00:04:29:4970,-0.1035893,-0.00947094,0.045906544,-0.012268066,0.012481689,0.019836426
12/07/2016 00:04:29:5570,0.04271412,-0.011222839,0.0663538,-0.018661499,-0.0131073,-0.013061523
12/07/2016 00:04:29:6170,0.017591238,-0.01389122,-0.19710183,-0.05709839,-0.024017334,-0.0015716553
12/07/2016 00:04:29:6780,0.11358523,-0.06515503,0.08911657,-0.08924866,-0.10914612,-0.055755615
12/07/2016 00:04:29:7380,0.0730809,-0.008249283,-0.19329166,-0.08888245,-0.09954834,-0.046295166
12/07/2016 00:04:29:7980,0.024514914,0.022387505,-0.120491505,-0.37590027,-0.4532013,-0.03515625
12/07/2016 00:04:29:8580,0.3083169,-0.022083282,1.0542493,-0.0016784668,-0.25172424,-0.18440247
12/07/2016 00:04:29:9780,-1.2108763,0.120259285,-0.90265465,-0.5313721,-0.13609314,0.26205444
